{"stats":{"minecraft:killed_by":{"minecraft:zombie":2,"minecraft:creeper":2,"minecraft:cave_spider":3,"minecraft:spider":1,"minecraft:iron_golem":1,"minecraft:skeleton":2},"minecraft:mined":{"minecraft:white_bed":75,"minecraft:obsidian":134,"minecraft:granite":25,"minecraft:oak_pressure_plate":7,"minecraft:hopper":24,"minecraft:oxeye_daisy":4,"minecraft:orange_concrete":88,"minecraft:tall_seagrass":2,"minecraft:cobbled_deepslate":141,"minecraft:fire":17,"minecraft:pumpkin":99,"minecraft:fletching_table":3,"minecraft:enchanting_table":2,"minecraft:dirt_path":94,"minecraft:oak_stairs":49,"minecraft:pink_tulip":1,"minecraft:white_shulker_box":5,"minecraft:tripwire":56,"minecraft:note_block":3,"minecraft:blast_furnace":4,"minecraft:melon":6,"minecraft:glass":23,"minecraft:sugar_cane":297,"minecraft:damaged_anvil":2,"minecraft:repeater":12,"minecraft:bamboo_planks":28,"minecraft:pumpkin_stem":1,"minecraft:stone_brick_stairs":13,"minecraft:oak_fence_gate":1,"minecraft:loom":1,"minecraft:piston":22,"minecraft:deepslate":16,"minecraft:attached_pumpkin_stem":2,"minecraft:bamboo_fence_gate":1,"minecraft:mossy_cobblestone":3,"minecraft:orange_concrete_powder":1,"minecraft:shulker_box":14,"minecraft:end_stone":56,"minecraft:crimson_roots":1,"minecraft:redstone_wire":113,"minecraft:snow":39,"minecraft:andesite":27,"minecraft:vine":4,"minecraft:potatoes":5,"minecraft:cobblestone_slab":74,"minecraft:rail":162,"minecraft:bamboo_sapling":1,"minecraft:bamboo":980,"minecraft:cake":6,"minecraft:ender_chest":10,"minecraft:redstone_block":1,"minecraft:comparator":4,"minecraft:soul_sand":58,"minecraft:observer":32,"minecraft:dandelion":10,"minecraft:cornflower":2,"minecraft:short_grass":151,"minecraft:tall_grass":15,"minecraft:copper_ore":3,"minecraft:diorite":9,"minecraft:bamboo_wall_sign":2,"minecraft:spruce_log":247,"minecraft:birch_leaves":4,"minecraft:gravel":108,"minecraft:cobweb":44,"minecraft:stone_bricks":45,"minecraft:fern":1,"minecraft:oak_sapling":1,"minecraft:orange_stained_glass":3,"minecraft:orange_wool":2,"minecraft:grass_block":1677,"minecraft:soul_soil":9,"minecraft:bamboo_sign":2,"minecraft:composter":2,"minecraft:glowstone":12,"minecraft:iron_ore":126,"minecraft:azure_bluet":7,"minecraft:iron_bars":1,"minecraft:end_stone_bricks":3,"minecraft:deepslate_redstone_ore":22,"minecraft:poppy":7,"minecraft:chest":16,"minecraft:nether_quartz_ore":178,"minecraft:cobblestone":435,"minecraft:oak_planks":83,"minecraft:cauldron":4,"minecraft:seagrass":3,"minecraft:powered_rail":27,"minecraft:birch_log":47,"minecraft:birch_trapdoor":1,"minecraft:oak_log":1180,"minecraft:sand":44,"minecraft:dirt":2428,"minecraft:infested_cracked_stone_bricks":1,"minecraft:tripwire_hook":4,"minecraft:netherrack":1534,"minecraft:ancient_debris":1,"minecraft:oak_leaves":195,"minecraft:emerald_block":6,"minecraft:nether_gold_ore":42,"minecraft:tuff":3,"minecraft:deepslate_diamond_ore":17,"minecraft:bamboo_fence":2,"minecraft:ladder":4,"minecraft:lever":8,"minecraft:white_stained_glass":4,"minecraft:spruce_leaves":11,"minecraft:oak_trapdoor":11,"minecraft:carrots":29,"minecraft:bell":2,"minecraft:bookshelf":61,"minecraft:deepslate_iron_ore":4,"minecraft:lantern":6,"minecraft:stripped_oak_log":6,"minecraft:packed_ice":5,"minecraft:stone":1463,"minecraft:redstone_wall_torch":1,"minecraft:magenta_stained_glass":1,"minecraft:infested_stone_bricks":1,"minecraft:snow_block":5,"minecraft:crafting_table":15,"minecraft:oak_fence":2,"minecraft:rose_bush":11,"minecraft:lectern":25,"minecraft:stone_slab":2,"minecraft:lily_pad":1,"minecraft:birch_planks":1,"minecraft:bamboo_trapdoor":98,"minecraft:beehive":3,"minecraft:redstone_torch":5,"minecraft:bee_nest":16,"minecraft:coal_ore":56,"minecraft:end_rod":1,"minecraft:cracked_stone_bricks":10,"minecraft:mossy_stone_bricks":10},"minecraft:custom":{"minecraft:interact_with_crafting_table":279,"minecraft:open_barrel":57,"minecraft:bell_ring":122,"minecraft:eat_cake_slice":14,"minecraft:leave_game":27,"minecraft:time_since_death":290321,"minecraft:damage_blocked_by_shield":1598,"minecraft:play_time":1327431,"minecraft:deaths":15,"minecraft:jump":22744,"minecraft:enchant_item":63,"minecraft:interact_with_furnace":97,"minecraft:traded_with_villager":17907,"minecraft:sleep_in_bed":50,"minecraft:damage_dealt":50423,"minecraft:use_cauldron":48,"minecraft:interact_with_anvil":72,"minecraft:inspect_hopper":34,"minecraft:sneak_time":53692,"minecraft:interact_with_blast_furnace":3,"minecraft:total_world_time":1327431,"minecraft:tune_noteblock":2,"minecraft:interact_with_stonecutter":11,"minecraft:time_since_rest":50772,"minecraft:swim_one_cm":123531,"minecraft:fly_one_cm":6020805,"minecraft:open_chest":1916,"minecraft:fall_one_cm":433264,"minecraft:open_shulker_box":93,"minecraft:sprint_one_cm":2743135,"minecraft:drop":583,"minecraft:play_noteblock":3,"minecraft:talked_to_villager":545,"minecraft:walk_on_water_one_cm":407805,"minecraft:open_enderchest":50,"minecraft:crouch_one_cm":239411,"minecraft:mob_kills":260,"minecraft:fill_cauldron":4,"minecraft:climb_one_cm":19208,"minecraft:walk_one_cm":3501025,"minecraft:walk_under_water_one_cm":109561,"minecraft:boat_one_cm":49629,"minecraft:interact_with_grindstone":52,"minecraft:damage_taken":11421,"minecraft:aviate_one_cm":3042947},"minecraft:dropped":{"minecraft:iron_sword":1,"minecraft:lapis_lazuli":13,"minecraft:cooked_beef":1,"minecraft:glass_bottle":12,"minecraft:diamond":3,"minecraft:crossbow":23,"minecraft:elytra":1,"minecraft:emerald":2636,"minecraft:dirt":406,"minecraft:iron_pickaxe":3,"minecraft:fishing_rod":1,"minecraft:white_wool":125,"minecraft:bone":1,"minecraft:tropical_fish_bucket":2,"minecraft:stone_axe":12,"minecraft:emerald_block":1098,"minecraft:lever":1,"minecraft:obsidian":16,"minecraft:rotten_flesh":63,"minecraft:azure_bluet":2,"minecraft:white_bed":15,"minecraft:music_disc_mall":1,"minecraft:campfire":1,"minecraft:lectern":2,"minecraft:iron_ingot":280,"minecraft:enchanted_book":20,"minecraft:golden_boots":2,"minecraft:wheat_seeds":6,"minecraft:iron_helmet":2,"minecraft:feather":1,"minecraft:cobblestone":23,"minecraft:book":204,"minecraft:apple":1,"minecraft:bamboo_block":95,"minecraft:coal":39,"minecraft:oxeye_daisy":1,"minecraft:golden_carrot":78,"minecraft:diamond_helmet":1,"minecraft:pumpkin":5,"minecraft:chainmail_leggings":12,"minecraft:string":4615,"minecraft:spruce_sapling":12,"minecraft:bamboo_planks":9,"minecraft:stone_sword":1,"minecraft:diamond_hoe":7,"minecraft:iron_boots":11,"minecraft:damaged_anvil":1,"minecraft:shears":2,"minecraft:pumpkin_seeds":2,"minecraft:diamond_sword":16,"minecraft:potato":12,"minecraft:diamond_pickaxe":10,"minecraft:spider_eye":2,"minecraft:stone_bricks":8,"minecraft:bamboo":8,"minecraft:birch_boat":4,"minecraft:bow":5,"minecraft:black_wool":1,"minecraft:bamboo_trapdoor":9,"minecraft:birch_planks":32,"minecraft:diamond_axe":2,"minecraft:lantern":84,"minecraft:leather":2,"minecraft:packed_ice":88,"minecraft:birch_log":7,"minecraft:diamond_shovel":2,"minecraft:carrot":16,"minecraft:chainmail_chestplate":37,"minecraft:poppy":6,"minecraft:leather_chestplate":3,"packedup:obsidianbackpack":1,"minecraft:chest":5,"minecraft:arrow":665,"minecraft:water_bucket":1,"minecraft:bread":960,"minecraft:golden_helmet":3,"minecraft:diamond_leggings":1,"minecraft:stick":2,"minecraft:iron_leggings":2,"minecraft:iron_axe":12,"minecraft:tripwire_hook":3,"minecraft:dandelion":5,"minecraft:warped_nylium":5,"minecraft:oak_trapdoor":2,"minecraft:ender_chest":1,"minecraft:raw_iron":25,"minecraft:shulker_box":1,"minecraft:flint_and_steel":1,"minecraft:bamboo_raft":1,"minecraft:shield":1,"minecraft:diamond_chestplate":1,"minecraft:iron_chestplate":2,"minecraft:andesite":46,"minecraft:golden_leggings":2,"minecraft:oak_boat":1,"minecraft:golden_sword":2,"minecraft:diamond_boots":5,"minecraft:stone_pickaxe":3,"minecraft:wooden_pickaxe":1},"minecraft:crafted":{"minecraft:orange_stained_glass":112,"minecraft:birch_boat":2,"minecraft:diamond_shovel":4,"minecraft:lever":8,"minecraft:bookshelf":43,"minecraft:cooked_mutton":6,"minecraft:shulker_box":6,"minecraft:glass":516,"minecraft:diamond_helmet":9,"minecraft:repeater":20,"minecraft:diamond_leggings":7,"minecraft:birch_fence_gate":1,"minecraft:bamboo_fence_gate":5,"minecraft:tipped_arrow":60,"minecraft:birch_door":3,"minecraft:name_tag":2,"minecraft:white_shulker_box":2,"minecraft:glass_bottle":12,"minecraft:pumpkin":5,"minecraft:wooden_shovel":2,"minecraft:emerald":19626,"minecraft:cooked_porkchop":6,"minecraft:soul_campfire":25,"minecraft:diamond_axe":2,"minecraft:fletching_table":1,"minecraft:campfire":14,"minecraft:tropical_fish_bucket":2,"minecraft:bamboo_planks":2306,"minecraft:lectern":11,"minecraft:iron_pickaxe":2,"minecraft:iron_block":220,"minecraft:gold_ingot":35,"minecraft:packed_ice":42,"minecraft:golden_carrot":618,"minecraft:bamboo_pressure_plate":1,"minecraft:stone_shovel":1,"minecraft:experience_bottle":986,"minecraft:diamond_hoe":17,"minecraft:bone_meal":87,"minecraft:orange_wool":72,"minecraft:lantern":182,"minecraft:ladder":12,"minecraft:stone_pickaxe":2,"minecraft:diamond_boots":10,"minecraft:spruce_sapling":12,"minecraft:redstone_block":121,"minecraft:chainmail_leggings":12,"minecraft:crossbow":17,"minecraft:enchanting_table":1,"minecraft:glowstone":19,"minecraft:enchanted_book":115,"minecraft:white_stained_glass":136,"minecraft:orange_dye":142,"minecraft:bamboo_slab":66,"minecraft:oak_fence_gate":9,"packedup:obsidianbackpack":2,"minecraft:birch_trapdoor":2,"minecraft:wooden_axe":2,"minecraft:iron_leggings":1,"minecraft:white_bed":42,"minecraft:note_block":132,"packedup:goldbackpack":3,"minecraft:grindstone":1,"minecraft:oak_planks":4292,"minecraft:cobblestone_slab":166,"minecraft:cooked_chicken":11,"minecraft:stone":20,"minecraft:heavy_weighted_pressure_plate":1,"packedup:ironbackpack":3,"minecraft:bamboo_block":1168,"minecraft:hopper":51,"minecraft:stone_brick_slab":44,"minecraft:bow":8,"minecraft:iron_boots":10,"minecraft:comparator":3,"minecraft:chest":119,"minecraft:oak_button":16,"packedup:basicbackpack":3,"minecraft:rail":96,"minecraft:stone_hoe":1,"minecraft:ender_eye":2,"minecraft:stone_bricks":156,"minecraft:oak_fence":15,"minecraft:golden_boots":2,"minecraft:dropper":3,"minecraft:arrow":1104,"minecraft:crafting_table":4,"packedup:diamondbackpack":2,"minecraft:spruce_planks":660,"minecraft:wooden_pickaxe":1,"minecraft:iron_helmet":1,"minecraft:chainmail_chestplate":15,"minecraft:hopper_minecart":2,"minecraft:birch_planks":256,"minecraft:pumpkin_seeds":152,"minecraft:dispenser":1,"minecraft:tnt":2,"minecraft:iron_chestplate":1,"minecraft:paper":450,"minecraft:diamond_pickaxe":8,"minecraft:emerald_block":1310,"minecraft:yellow_dye":76,"minecraft:shield":1,"minecraft:stick":364,"minecraft:iron_ingot":150,"minecraft:snow_block":14,"minecraft:redstone_torch":112,"minecraft:shears":4,"minecraft:redstone":1790,"minecraft:tripwire_hook":6,"minecraft:beehive":3,"minecraft:bamboo_fence":12,"minecraft:furnace":1,"minecraft:stone_button":1,"minecraft:piston":217,"minecraft:bamboo_sign":6,"minecraft:oak_trapdoor":1276,"minecraft:flint_and_steel":1,"minecraft:iron_axe":11,"minecraft:orange_concrete_powder":88,"minecraft:minecart":3,"minecraft:observer":145,"minecraft:cooked_beef":4,"minecraft:red_dye":71,"minecraft:diamond_sword":8,"minecraft:spruce_sign":3,"minecraft:powered_rail":12,"minecraft:bell":1,"minecraft:bucket":8,"minecraft:stone_axe":12,"minecraft:air":0,"minecraft:bread":955,"minecraft:oak_boat":1,"minecraft:white_wool":425,"minecraft:white_dye":51,"minecraft:stonecutter":1,"minecraft:anvil":4,"minecraft:torch":84,"minecraft:bamboo_trapdoor":108,"minecraft:lapis_lazuli":197,"minecraft:diamond_chestplate":7,"minecraft:firework_rocket":69,"minecraft:ender_chest":2},"minecraft:picked_up":{"minecraft:wooden_axe":4,"minecraft:iron_chestplate":3,"minecraft:diamond_sword":14,"minecraft:lead":2,"minecraft:stone_slab":8,"minecraft:oak_stairs":38,"minecraft:enchanted_book":23,"minecraft:golden_sword":6,"minecraft:string":46716,"minecraft:soul_soil":8,"minecraft:orange_concrete_powder":9,"minecraft:diamond_leggings":1,"minecraft:gold_nugget":397,"minecraft:cobbled_deepslate":246,"minecraft:hopper_minecart":10,"minecraft:melon_slice":154,"minecraft:golden_helmet":12,"minecraft:beehive":3,"minecraft:composter":2,"minecraft:cauldron":4,"minecraft:bamboo_block":302,"minecraft:stone_sword":1,"minecraft:glowstone":2,"minecraft:snowball":59,"minecraft:birch_log":126,"minecraft:furnace_minecart":1,"minecraft:feather":7,"minecraft:cooked_beef":4,"minecraft:birch_slab":2,"minecraft:water_bucket":4,"minecraft:flint":26,"minecraft:lantern":62,"minecraft:diamond_helmet":1,"minecraft:glowstone_dust":34,"minecraft:honeycomb":9,"minecraft:loom":1,"minecraft:lever":13,"minecraft:granite":62,"minecraft:crimson_roots":1,"minecraft:diamond_pickaxe":8,"minecraft:crafting_table":20,"minecraft:bee_nest":15,"minecraft:cornflower":5,"minecraft:elytra":2,"minecraft:white_stained_glass":3,"minecraft:beef":15,"minecraft:poppy":22,"minecraft:minecart":2,"minecraft:chest":20,"minecraft:birch_sapling":41,"minecraft:piston":22,"minecraft:egg":10,"minecraft:stone":796,"minecraft:oak_door":1,"minecraft:carrot":141,"minecraft:redstone":363,"minecraft:bamboo_sign":9,"minecraft:stone_shovel":2,"minecraft:diamond_chestplate":1,"minecraft:shears":1,"minecraft:diamond_boots":7,"minecraft:mutton":12,"minecraft:white_shulker_box":5,"minecraft:white_wool":188,"minecraft:rail":246,"minecraft:oxeye_daisy":3,"minecraft:stripped_oak_log":8,"minecraft:tripwire_hook":24,"minecraft:oak_log":1704,"minecraft:lily_pad":3,"minecraft:golden_boots":4,"minecraft:stone_bricks":40,"minecraft:apple":11,"minecraft:stone_pickaxe":5,"minecraft:oak_fence_gate":1,"minecraft:glass_bottle":2,"minecraft:magenta_stained_glass":1,"minecraft:iron_sword":4,"minecraft:gravel":85,"minecraft:spruce_sapling":2,"minecraft:spruce_log":247,"minecraft:dragon_egg":1,"minecraft:diamond_shovel":1,"minecraft:firework_rocket":30,"minecraft:slime_ball":75,"minecraft:coal_ore":17,"minecraft:bamboo_trapdoor":106,"minecraft:stone_axe":5,"minecraft:diamond_axe":3,"minecraft:warped_nylium":6,"minecraft:hopper":24,"minecraft:ender_pearl":44,"minecraft:shulker_shell":13,"minecraft:redstone_block":1,"minecraft:ender_chest":14,"minecraft:stone_brick_stairs":3,"minecraft:raw_copper":9,"minecraft:iron_leggings":4,"minecraft:comparator":4,"minecraft:bucket":2,"minecraft:cobblestone_slab":76,"minecraft:rose_bush":16,"minecraft:redstone_torch":8,"minecraft:wooden_shovel":4,"minecraft:iron_pickaxe":7,"minecraft:iron_boots":3,"minecraft:stick":71,"minecraft:birch_trapdoor":1,"minecraft:oak_fence":2,"minecraft:torch":1,"minecraft:porkchop":8,"minecraft:diorite":9,"minecraft:nether_gold_ore":9,"minecraft:rotten_flesh":297,"minecraft:obsidian":157,"minecraft:blaze_powder":3,"minecraft:cobblestone":1618,"minecraft:enchanting_table":1,"minecraft:leather_chestplate":3,"minecraft:repeater":13,"minecraft:andesite":134,"minecraft:golden_leggings":2,"minecraft:potato":67,"minecraft:tuff":3,"minecraft:lapis_lazuli":61,"minecraft:dirt":5336,"minecraft:glass":22,"minecraft:bone":76,"minecraft:bow":9,"minecraft:wheat_seeds":42,"minecraft:bell":2,"minecraft:mossy_stone_bricks":11,"minecraft:fletching_table":3,"minecraft:bamboo":11917,"minecraft:powered_rail":322,"minecraft:oak_planks":73,"minecraft:stone_hoe":3,"minecraft:cooked_porkchop":3,"minecraft:oak_pressure_plate":8,"minecraft:bamboo_raft":4,"minecraft:sand":157,"minecraft:grass_block":4,"minecraft:mossy_cobblestone":3,"minecraft:shulker_box":16,"minecraft:orange_wool":2,"minecraft:diamond":37,"minecraft:crossbow":7,"minecraft:golden_apple":7,"minecraft:emerald":3581,"minecraft:oak_sapling":97,"minecraft:netherrack":1971,"minecraft:oak_leaves":123,"minecraft:end_stone_bricks":3,"minecraft:fishing_rod":2,"minecraft:azure_bluet":8,"minecraft:chicken":9,"minecraft:ladder":4,"minecraft:brown_mushroom":1,"minecraft:packed_ice":97,"minecraft:wooden_pickaxe":5,"minecraft:shield":7,"minecraft:orange_concrete":88,"minecraft:orange_stained_glass":3,"minecraft:oak_trapdoor":15,"minecraft:iron_axe":1,"minecraft:oak_boat":4,"minecraft:observer":32,"minecraft:lectern":23,"minecraft:sugar_cane":611,"minecraft:raw_iron":190,"minecraft:end_stone":56,"minecraft:note_block":3,"minecraft:bamboo_fence_gate":1,"minecraft:arrow":71,"minecraft:pink_tulip":1,"minecraft:golden_carrot":78,"minecraft:leather":36,"minecraft:birch_planks":75,"minecraft:chainmail_chestplate":19,"minecraft:gunpowder":41,"minecraft:cooked_mutton":2,"minecraft:iron_ingot":378,"minecraft:cooked_chicken":3,"minecraft:soul_sand":42,"minecraft:book":334,"minecraft:pumpkin":138,"minecraft:bamboo_fence":1,"minecraft:nether_quartz_ore":102,"minecraft:emerald_block":1104,"minecraft:birch_boat":9,"minecraft:bamboo_planks":208,"minecraft:quartz":193,"minecraft:dandelion":13,"minecraft:lava_bucket":5,"minecraft:blast_furnace":4,"minecraft:white_bed":97,"minecraft:spider_eye":33,"minecraft:pumpkin_seeds":9,"minecraft:music_disc_mall":1,"minecraft:iron_helmet":2,"minecraft:damaged_anvil":3,"minecraft:black_wool":1,"minecraft:sunflower":1,"minecraft:coal":122},"minecraft:broken":{"minecraft:wooden_shovel":1,"minecraft:wooden_pickaxe":1,"minecraft:iron_pickaxe":1,"minecraft:stone_pickaxe":1,"minecraft:wooden_axe":1},"minecraft:used":{"minecraft:ladder":7,"minecraft:elytra":3,"minecraft:bamboo_sign":13,"minecraft:chest":50,"minecraft:stone":13,"minecraft:white_shulker_box":5,"minecraft:rotten_flesh":9,"minecraft:soul_sand":2,"minecraft:orange_wool":70,"minecraft:azure_bluet":6,"minecraft:bamboo_pressure_plate":1,"minecraft:packed_ice":14,"minecraft:lava_bucket":69,"minecraft:grass_block":3,"minecraft:stone_brick_stairs":6,"minecraft:bow":80,"minecraft:furnace":1,"minecraft:oak_sapling":4,"minecraft:potato":54,"minecraft:diorite":9,"minecraft:damaged_anvil":2,"minecraft:powered_rail":102,"minecraft:wooden_pickaxe":62,"minecraft:composter":2,"minecraft:oak_leaves":62,"minecraft:sand":4,"minecraft:pumpkin_seeds":131,"minecraft:birch_slab":2,"minecraft:stone_button":1,"minecraft:lectern":30,"minecraft:oak_pressure_plate":10,"minecraft:diamond_sword":1484,"minecraft:white_stained_glass":133,"minecraft:birch_log":6,"minecraft:oak_boat":3,"minecraft:oak_trapdoor":25,"minecraft:iron_bars":4,"minecraft:enchanting_table":2,"minecraft:orange_concrete":72,"minecraft:netherrack":338,"minecraft:orange_stained_glass":67,"minecraft:torch":4,"minecraft:anvil":4,"minecraft:ancient_debris":1,"minecraft:nether_quartz_ore":75,"minecraft:oak_fence_gate":1,"minecraft:bamboo_fence":8,"minecraft:barrel":1,"minecraft:bamboo":377,"minecraft:diamond_chestplate":2,"minecraft:tripwire_hook":17,"minecraft:glowstone":21,"minecraft:cobbled_deepslate":153,"minecraft:observer":172,"minecraft:water_bucket":292,"minecraft:birch_planks":1,"minecraft:fletching_table":4,"minecraft:rail":361,"minecraft:comparator":7,"minecraft:tnt":1,"minecraft:crafting_table":17,"minecraft:campfire":8,"minecraft:white_bed":116,"minecraft:bamboo_fence_gate":6,"minecraft:oak_log":157,"minecraft:diamond_pickaxe":4353,"minecraft:cornflower":1,"minecraft:oxeye_daisy":1,"minecraft:diamond_shovel":4125,"minecraft:iron_pickaxe":506,"minecraft:spruce_sapling":12,"minecraft:cobblestone":1089,"minecraft:cooked_porkchop":1,"minecraft:dandelion":1,"minecraft:diamond_leggings":3,"minecraft:diamond_hoe":134,"minecraft:shield":39,"minecraft:iron_sword":191,"minecraft:bell":3,"minecraft:soul_campfire":16,"minecraft:iron_chestplate":1,"minecraft:carrot":87,"minecraft:furnace_minecart":1,"minecraft:tuff":3,"minecraft:beehive":6,"minecraft:obsidian":32,"minecraft:glass":128,"minecraft:lantern":75,"minecraft:hopper_minecart":15,"minecraft:stone_bricks":191,"minecraft:golden_sword":33,"minecraft:birch_trapdoor":3,"minecraft:repeater":23,"minecraft:golden_boots":5,"minecraft:bamboo_trapdoor":207,"minecraft:diamond_boots":4,"minecraft:stone_pickaxe":179,"minecraft:oak_planks":30,"minecraft:ender_pearl":10,"minecraft:redstone_block":2,"minecraft:sugar_cane":89,"minecraft:diamond_axe":2076,"minecraft:note_block":134,"minecraft:end_stone":22,"minecraft:shears":188,"minecraft:redstone_torch":64,"minecraft:lever":18,"minecraft:firework_rocket":64,"minecraft:birch_fence_gate":1,"minecraft:melon_slice":6,"minecraft:string":226,"minecraft:heavy_weighted_pressure_plate":1,"minecraft:gravel":35,"minecraft:golden_helmet":2,"minecraft:grindstone":1,"minecraft:andesite":4,"minecraft:smooth_stone_slab":13,"minecraft:bone_meal":36,"minecraft:experience_bottle":986,"minecraft:oak_fence":1,"minecraft:orange_concrete_powder":97,"minecraft:rose_bush":15,"minecraft:flint_and_steel":4,"minecraft:stone_shovel":42,"minecraft:redstone":172,"minecraft:ender_chest":8,"minecraft:wooden_shovel":64,"minecraft:stone_hoe":81,"minecraft:cooked_chicken":10,"minecraft:oak_door":1,"minecraft:dirt":2673,"minecraft:hopper":56,"minecraft:diamond_helmet":4,"minecraft:shulker_box":13,"minecraft:bee_nest":15,"minecraft:granite":7,"minecraft:stone_brick_slab":48,"minecraft:wooden_axe":57,"minecraft:bamboo_raft":2,"minecraft:bookshelf":24,"minecraft:golden_carrot":149,"minecraft:emerald_block":6,"minecraft:soul_soil":8,"minecraft:minecart":1,"minecraft:cooked_beef":3,"minecraft:pumpkin":1,"minecraft:bamboo_planks":75,"minecraft:iron_leggings":1,"minecraft:cooked_mutton":1,"minecraft:pink_tulip":1,"minecraft:snow_block":2,"minecraft:birch_boat":4,"minecraft:stonecutter":1,"minecraft:cobblestone_slab":127,"minecraft:nether_gold_ore":9,"minecraft:piston":155,"minecraft:apple":1,"minecraft:stone_slab":7,"minecraft:golden_leggings":1,"minecraft:stone_axe":17,"minecraft:bucket":369,"minecraft:smooth_stone":8,"minecraft:chainmail_leggings":1},"minecraft:killed":{"minecraft:cave_spider":4,"minecraft:shulker":14,"minecraft:skeleton":24,"minecraft:chicken":2,"minecraft:iron_golem":10,"minecraft:zombie":104,"minecraft:cow":5,"minecraft:horse":3,"minecraft:enderman":11,"minecraft:witch":1,"minecraft:spider":14,"minecraft:silverfish":1,"minecraft:piglin":2,"minecraft:creeper":15,"minecraft:sheep":3,"minecraft:trader_llama":2,"minecraft:slime":38}},"DataVersion":3700}