{"stats":{"minecraft:killed_by":{"minecraft:player":4},"minecraft:picked_up":{"minecraft:wheat_seeds":4,"minecraft:gold_nugget":8,"minecraft:fire_charge":1,"minecraft:iron_ingot":4,"minecraft:oak_log":1,"minecraft:emerald":5,"minecraft:sunflower":12},"minecraft:mined":{"minecraft:short_grass":39,"minecraft:oak_log":1,"minecraft:sunflower":18},"minecraft:used":{"minecraft:oak_log":1,"minecraft:sunflower":3},"minecraft:custom":{"minecraft:open_chest":3,"minecraft:time_since_rest":17,"minecraft:walk_one_cm":22619,"minecraft:play_time":10013,"minecraft:sprint_one_cm":15808,"minecraft:damage_taken":1239,"minecraft:deaths":5,"minecraft:sneak_time":35,"minecraft:walk_under_water_one_cm":3809,"minecraft:drop":1,"minecraft:jump":218,"minecraft:damage_dealt":402,"minecraft:leave_game":1,"minecraft:walk_on_water_one_cm":1105,"minecraft:time_since_death":0,"minecraft:total_world_time":10013,"minecraft:swim_one_cm":12467,"minecraft:fall_one_cm":5372,"minecraft:fly_one_cm":44998,"minecraft:player_kills":1},"minecraft:dropped":{"minecraft:sunflower":1}},"DataVersion":3700}