{"stats":{"minecraft:broken":{"minecraft:wooden_shovel":1,"minecraft:wooden_pickaxe":1,"minecraft:iron_pickaxe":1,"minecraft:stone_pickaxe":1,"minecraft:wooden_axe":1},"minecraft:crafted":{"minecraft:birch_boat":2,"minecraft:diamond_shovel":3,"minecraft:lever":4,"minecraft:bookshelf":32,"minecraft:cooked_mutton":6,"minecraft:shulker_box":6,"minecraft:glass":464,"minecraft:diamond_helmet":8,"minecraft:repeater":10,"minecraft:diamond_leggings":6,"minecraft:birch_fence_gate":1,"minecraft:bamboo_fence_gate":5,"minecraft:tipped_arrow":60,"minecraft:birch_door":3,"minecraft:white_shulker_box":2,"minecraft:name_tag":1,"minecraft:glass_bottle":12,"minecraft:pumpkin":5,"minecraft:wooden_shovel":2,"minecraft:emerald":13653,"minecraft:cooked_porkchop":6,"minecraft:soul_campfire":25,"minecraft:diamond_axe":2,"minecraft:fletching_table":1,"minecraft:campfire":14,"minecraft:tropical_fish_bucket":2,"minecraft:bamboo_planks":1096,"minecraft:lectern":11,"minecraft:iron_pickaxe":2,"minecraft:iron_block":198,"minecraft:gold_ingot":35,"minecraft:packed_ice":42,"minecraft:golden_carrot":492,"minecraft:bamboo_pressure_plate":1,"minecraft:stone_shovel":1,"minecraft:experience_bottle":986,"minecraft:diamond_hoe":17,"minecraft:bone_meal":87,"minecraft:orange_wool":72,"minecraft:lantern":112,"minecraft:ladder":3,"minecraft:stone_pickaxe":2,"minecraft:diamond_boots":9,"minecraft:spruce_sapling":12,"minecraft:redstone_block":1,"minecraft:chainmail_leggings":12,"minecraft:crossbow":17,"minecraft:enchanting_table":1,"minecraft:glowstone":19,"minecraft:white_stained_glass":136,"minecraft:enchanted_book":82,"minecraft:orange_dye":88,"minecraft:bamboo_slab":66,"minecraft:oak_fence_gate":9,"packedup:obsidianbackpack":2,"minecraft:birch_trapdoor":2,"minecraft:wooden_axe":2,"minecraft:iron_leggings":1,"minecraft:white_bed":42,"minecraft:note_block":3,"packedup:goldbackpack":2,"minecraft:grindstone":1,"minecraft:oak_planks":4228,"minecraft:cobblestone_slab":166,"minecraft:cooked_chicken":11,"minecraft:stone":20,"minecraft:heavy_weighted_pressure_plate":1,"packedup:ironbackpack":2,"minecraft:bamboo_block":435,"minecraft:hopper":41,"minecraft:stone_brick_slab":44,"minecraft:bow":7,"minecraft:iron_boots":10,"minecraft:comparator":2,"minecraft:chest":94,"minecraft:oak_button":16,"packedup:basicbackpack":2,"minecraft:rail":96,"minecraft:stone_hoe":1,"minecraft:ender_eye":2,"minecraft:stone_bricks":24,"minecraft:oak_fence":15,"minecraft:golden_boots":2,"minecraft:arrow":1104,"minecraft:crafting_table":3,"packedup:diamondbackpack":2,"minecraft:wooden_pickaxe":1,"minecraft:iron_helmet":1,"minecraft:chainmail_chestplate":15,"minecraft:hopper_minecart":2,"minecraft:birch_planks":200,"minecraft:pumpkin_seeds":32,"minecraft:tnt":1,"minecraft:iron_chestplate":1,"minecraft:paper":18,"minecraft:diamond_pickaxe":7,"minecraft:emerald_block":889,"minecraft:yellow_dye":44,"minecraft:shield":1,"minecraft:stick":328,"minecraft:iron_ingot":150,"minecraft:redstone_torch":80,"minecraft:shears":3,"minecraft:redstone":128,"minecraft:tripwire_hook":6,"minecraft:beehive":3,"minecraft:bamboo_fence":12,"minecraft:furnace":1,"minecraft:stone_button":1,"minecraft:piston":6,"minecraft:bamboo_sign":6,"minecraft:oak_trapdoor":1276,"minecraft:flint_and_steel":1,"minecraft:iron_axe":11,"minecraft:orange_concrete_powder":40,"minecraft:minecart":3,"minecraft:observer":12,"minecraft:cooked_beef":4,"minecraft:red_dye":71,"minecraft:diamond_sword":7,"minecraft:powered_rail":12,"minecraft:bell":1,"minecraft:bucket":8,"minecraft:stone_axe":12,"minecraft:air":0,"minecraft:bread":955,"minecraft:oak_boat":1,"minecraft:white_wool":425,"minecraft:white_dye":51,"minecraft:stonecutter":1,"minecraft:anvil":2,"minecraft:torch":84,"minecraft:bamboo_trapdoor":108,"minecraft:lapis_lazuli":197,"minecraft:diamond_chestplate":6,"minecraft:firework_rocket":42,"minecraft:ender_chest":2},"minecraft:custom":{"minecraft:interact_with_crafting_table":216,"minecraft:open_barrel":52,"minecraft:bell_ring":122,"minecraft:eat_cake_slice":14,"minecraft:leave_game":25,"minecraft:time_since_death":35496,"minecraft:damage_blocked_by_shield":1598,"minecraft:play_time":1072445,"minecraft:deaths":15,"minecraft:jump":18440,"minecraft:enchant_item":63,"minecraft:interact_with_furnace":97,"minecraft:traded_with_villager":12898,"minecraft:sleep_in_bed":42,"minecraft:damage_dealt":44301,"minecraft:use_cauldron":47,"minecraft:interact_with_anvil":46,"minecraft:inspect_hopper":34,"minecraft:sneak_time":44978,"minecraft:interact_with_blast_furnace":3,"minecraft:total_world_time":1072445,"minecraft:interact_with_stonecutter":8,"minecraft:time_since_rest":4098,"minecraft:swim_one_cm":110451,"minecraft:fly_one_cm":4733905,"minecraft:open_chest":1535,"minecraft:fall_one_cm":377025,"minecraft:open_shulker_box":93,"minecraft:sprint_one_cm":2264475,"minecraft:drop":474,"minecraft:talked_to_villager":435,"minecraft:walk_on_water_one_cm":354019,"minecraft:open_enderchest":43,"minecraft:crouch_one_cm":209203,"minecraft:mob_kills":194,"minecraft:fill_cauldron":4,"minecraft:climb_one_cm":14460,"minecraft:walk_one_cm":2879676,"minecraft:walk_under_water_one_cm":93156,"minecraft:boat_one_cm":49629,"minecraft:interact_with_grindstone":48,"minecraft:damage_taken":10195,"minecraft:aviate_one_cm":1987913},"minecraft:picked_up":{"minecraft:wooden_axe":4,"minecraft:iron_chestplate":3,"minecraft:diamond_sword":7,"minecraft:stone_slab":8,"minecraft:lead":2,"minecraft:oak_stairs":38,"minecraft:enchanted_book":23,"minecraft:golden_sword":6,"minecraft:string":38805,"minecraft:orange_concrete_powder":8,"minecraft:diamond_leggings":1,"minecraft:gold_nugget":397,"minecraft:cobbled_deepslate":246,"minecraft:hopper_minecart":10,"minecraft:melon_slice":154,"minecraft:golden_helmet":12,"minecraft:beehive":3,"minecraft:composter":2,"minecraft:cauldron":4,"minecraft:bamboo_block":235,"minecraft:stone_sword":1,"minecraft:glowstone":2,"minecraft:birch_log":119,"minecraft:furnace_minecart":1,"minecraft:feather":7,"minecraft:cooked_beef":4,"minecraft:birch_slab":2,"minecraft:water_bucket":4,"minecraft:flint":20,"minecraft:lantern":56,"minecraft:diamond_helmet":1,"minecraft:glowstone_dust":34,"minecraft:honeycomb":9,"minecraft:loom":1,"minecraft:lever":11,"minecraft:granite":62,"minecraft:crimson_roots":1,"minecraft:diamond_pickaxe":1,"minecraft:crafting_table":18,"minecraft:bee_nest":15,"minecraft:cornflower":5,"minecraft:elytra":2,"minecraft:white_stained_glass":3,"minecraft:beef":11,"minecraft:poppy":21,"minecraft:minecart":2,"minecraft:birch_sapling":41,"minecraft:chest":17,"minecraft:piston":4,"minecraft:egg":8,"minecraft:stone":574,"minecraft:oak_door":1,"minecraft:carrot":141,"minecraft:redstone":363,"minecraft:bamboo_sign":9,"minecraft:stone_shovel":2,"minecraft:diamond_chestplate":1,"minecraft:shears":1,"minecraft:diamond_boots":5,"minecraft:mutton":12,"minecraft:white_shulker_box":5,"minecraft:rail":246,"minecraft:white_wool":188,"minecraft:oxeye_daisy":3,"minecraft:stripped_oak_log":8,"minecraft:tripwire_hook":24,"minecraft:oak_log":1209,"minecraft:golden_boots":3,"minecraft:stone_bricks":28,"minecraft:apple":5,"minecraft:stone_pickaxe":5,"minecraft:oak_fence_gate":1,"minecraft:magenta_stained_glass":1,"minecraft:glass_bottle":2,"minecraft:iron_sword":4,"minecraft:gravel":60,"minecraft:dragon_egg":1,"minecraft:diamond_shovel":1,"minecraft:firework_rocket":30,"minecraft:coal_ore":9,"minecraft:bamboo_trapdoor":105,"minecraft:stone_axe":5,"minecraft:diamond_axe":2,"minecraft:warped_nylium":6,"minecraft:hopper":24,"minecraft:ender_pearl":44,"minecraft:shulker_shell":13,"minecraft:redstone_block":1,"minecraft:ender_chest":11,"minecraft:stone_brick_stairs":1,"minecraft:raw_copper":9,"minecraft:iron_leggings":4,"minecraft:comparator":4,"minecraft:bucket":2,"minecraft:cobblestone_slab":73,"minecraft:rose_bush":16,"minecraft:redstone_torch":8,"minecraft:wooden_shovel":4,"minecraft:iron_pickaxe":7,"minecraft:iron_boots":3,"minecraft:stick":38,"minecraft:birch_trapdoor":1,"minecraft:oak_fence":2,"minecraft:torch":1,"minecraft:porkchop":8,"minecraft:diorite":9,"minecraft:nether_gold_ore":9,"minecraft:rotten_flesh":265,"minecraft:obsidian":97,"minecraft:blaze_powder":3,"minecraft:cobblestone":1612,"minecraft:enchanting_table":1,"minecraft:leather_chestplate":2,"minecraft:repeater":13,"minecraft:andesite":134,"minecraft:golden_leggings":2,"minecraft:potato":67,"minecraft:tuff":3,"minecraft:dirt":5218,"minecraft:lapis_lazuli":61,"minecraft:glass":22,"minecraft:bone":67,"minecraft:bow":9,"minecraft:wheat_seeds":38,"minecraft:bell":2,"minecraft:mossy_stone_bricks":11,"minecraft:fletching_table":3,"minecraft:bamboo":5337,"minecraft:powered_rail":322,"minecraft:oak_planks":48,"minecraft:stone_hoe":3,"minecraft:cooked_porkchop":3,"minecraft:bamboo_raft":4,"minecraft:sand":155,"minecraft:oak_pressure_plate":8,"minecraft:grass_block":2,"minecraft:mossy_cobblestone":3,"minecraft:shulker_box":16,"minecraft:orange_wool":2,"minecraft:diamond":37,"minecraft:crossbow":7,"minecraft:golden_apple":7,"minecraft:emerald":1802,"minecraft:oak_sapling":31,"minecraft:netherrack":949,"minecraft:oak_leaves":123,"minecraft:end_stone_bricks":3,"minecraft:fishing_rod":2,"minecraft:azure_bluet":8,"minecraft:chicken":9,"minecraft:ladder":4,"minecraft:packed_ice":96,"minecraft:wooden_pickaxe":5,"minecraft:shield":7,"minecraft:orange_concrete":40,"minecraft:oak_trapdoor":14,"minecraft:iron_axe":1,"minecraft:oak_boat":4,"minecraft:observer":5,"minecraft:lectern":15,"minecraft:sugar_cane":366,"minecraft:raw_iron":190,"minecraft:end_stone":56,"minecraft:bamboo_fence_gate":1,"minecraft:arrow":65,"minecraft:pink_tulip":1,"minecraft:golden_carrot":1,"minecraft:leather":21,"minecraft:birch_planks":75,"minecraft:chainmail_chestplate":19,"minecraft:gunpowder":35,"minecraft:cooked_mutton":2,"minecraft:iron_ingot":100,"minecraft:cooked_chicken":3,"minecraft:soul_sand":42,"minecraft:book":73,"minecraft:pumpkin":4,"minecraft:bamboo_fence":1,"minecraft:nether_quartz_ore":18,"minecraft:emerald_block":120,"minecraft:birch_boat":9,"minecraft:bamboo_planks":207,"minecraft:quartz":26,"minecraft:dandelion":13,"minecraft:lava_bucket":5,"minecraft:blast_furnace":4,"minecraft:white_bed":90,"minecraft:spider_eye":19,"minecraft:music_disc_mall":1,"minecraft:iron_helmet":2,"minecraft:damaged_anvil":3,"minecraft:black_wool":1,"minecraft:coal":122,"minecraft:sunflower":1},"minecraft:dropped":{"minecraft:iron_sword":1,"minecraft:lapis_lazuli":13,"minecraft:cooked_beef":1,"minecraft:glass_bottle":12,"minecraft:diamond":3,"minecraft:crossbow":23,"minecraft:elytra":1,"minecraft:emerald":857,"minecraft:dirt":406,"minecraft:iron_pickaxe":3,"minecraft:fishing_rod":1,"minecraft:white_wool":125,"minecraft:tropical_fish_bucket":2,"minecraft:stone_axe":12,"minecraft:emerald_block":114,"minecraft:lever":1,"minecraft:obsidian":16,"minecraft:rotten_flesh":63,"minecraft:azure_bluet":2,"minecraft:white_bed":15,"minecraft:music_disc_mall":1,"minecraft:campfire":1,"minecraft:lectern":2,"minecraft:iron_ingot":6,"minecraft:enchanted_book":20,"minecraft:golden_boots":2,"minecraft:wheat_seeds":6,"minecraft:iron_helmet":2,"minecraft:feather":1,"minecraft:cobblestone":23,"minecraft:book":75,"minecraft:apple":1,"minecraft:bamboo_block":28,"minecraft:coal":39,"minecraft:oxeye_daisy":1,"minecraft:golden_carrot":1,"minecraft:diamond_helmet":1,"minecraft:pumpkin":5,"minecraft:chainmail_leggings":12,"minecraft:string":4610,"minecraft:spruce_sapling":12,"minecraft:bamboo_planks":9,"minecraft:stone_sword":1,"minecraft:diamond_hoe":7,"minecraft:iron_boots":11,"minecraft:damaged_anvil":1,"minecraft:shears":2,"minecraft:diamond_sword":9,"minecraft:potato":12,"minecraft:diamond_pickaxe":3,"minecraft:spider_eye":2,"minecraft:stone_bricks":8,"minecraft:bamboo":7,"minecraft:birch_boat":4,"minecraft:bow":5,"minecraft:black_wool":1,"minecraft:bamboo_trapdoor":9,"minecraft:birch_planks":32,"minecraft:diamond_axe":1,"minecraft:lantern":84,"minecraft:leather":2,"minecraft:packed_ice":88,"minecraft:birch_log":7,"minecraft:diamond_shovel":2,"minecraft:carrot":16,"minecraft:chainmail_chestplate":37,"minecraft:poppy":6,"minecraft:leather_chestplate":2,"packedup:obsidianbackpack":1,"minecraft:chest":5,"minecraft:arrow":661,"minecraft:water_bucket":1,"minecraft:bread":960,"minecraft:golden_helmet":3,"minecraft:diamond_leggings":1,"minecraft:stick":2,"minecraft:iron_leggings":2,"minecraft:iron_axe":12,"minecraft:tripwire_hook":3,"minecraft:dandelion":5,"minecraft:warped_nylium":5,"minecraft:oak_trapdoor":2,"minecraft:ender_chest":1,"minecraft:raw_iron":25,"minecraft:shulker_box":1,"minecraft:flint_and_steel":1,"minecraft:bamboo_raft":1,"minecraft:shield":1,"minecraft:diamond_chestplate":1,"minecraft:iron_chestplate":2,"minecraft:andesite":46,"minecraft:golden_leggings":2,"minecraft:oak_boat":1,"minecraft:golden_sword":2,"minecraft:diamond_boots":3,"minecraft:stone_pickaxe":3,"minecraft:wooden_pickaxe":1},"minecraft:killed_by":{"minecraft:zombie":2,"minecraft:creeper":2,"minecraft:cave_spider":3,"minecraft:spider":1,"minecraft:iron_golem":1,"minecraft:skeleton":2},"minecraft:used":{"minecraft:ladder":7,"minecraft:elytra":2,"minecraft:bamboo_sign":13,"minecraft:chest":45,"minecraft:stone":11,"minecraft:white_shulker_box":5,"minecraft:rotten_flesh":9,"minecraft:soul_sand":2,"minecraft:orange_wool":70,"minecraft:azure_bluet":6,"minecraft:bamboo_pressure_plate":1,"minecraft:packed_ice":14,"minecraft:lava_bucket":58,"minecraft:grass_block":2,"minecraft:stone_brick_stairs":4,"minecraft:bow":80,"minecraft:furnace":1,"minecraft:oak_sapling":4,"minecraft:potato":54,"minecraft:diorite":9,"minecraft:damaged_anvil":2,"minecraft:powered_rail":102,"minecraft:wooden_pickaxe":62,"minecraft:composter":2,"minecraft:oak_leaves":62,"minecraft:sand":4,"minecraft:pumpkin_seeds":32,"minecraft:birch_slab":2,"minecraft:stone_button":1,"minecraft:lectern":24,"minecraft:oak_pressure_plate":10,"minecraft:diamond_sword":852,"minecraft:white_stained_glass":133,"minecraft:birch_log":6,"minecraft:oak_boat":3,"minecraft:oak_trapdoor":24,"minecraft:enchanting_table":2,"minecraft:orange_concrete":40,"minecraft:netherrack":296,"minecraft:torch":4,"minecraft:ancient_debris":1,"minecraft:anvil":2,"minecraft:oak_fence_gate":1,"minecraft:bamboo_fence":8,"minecraft:barrel":1,"minecraft:bamboo":369,"minecraft:diamond_chestplate":2,"minecraft:tripwire_hook":17,"minecraft:glowstone":21,"minecraft:cobbled_deepslate":153,"minecraft:observer":17,"minecraft:water_bucket":279,"minecraft:birch_planks":1,"minecraft:fletching_table":4,"minecraft:rail":361,"minecraft:comparator":7,"minecraft:tnt":1,"minecraft:crafting_table":14,"minecraft:campfire":8,"minecraft:white_bed":110,"minecraft:bamboo_fence_gate":6,"minecraft:oak_log":29,"minecraft:diamond_pickaxe":2719,"minecraft:cornflower":1,"minecraft:oxeye_daisy":1,"minecraft:diamond_shovel":4036,"minecraft:iron_pickaxe":506,"minecraft:spruce_sapling":12,"minecraft:cobblestone":1085,"minecraft:cooked_porkchop":1,"minecraft:dandelion":1,"minecraft:diamond_leggings":2,"minecraft:diamond_hoe":35,"minecraft:shield":39,"minecraft:iron_sword":191,"minecraft:bell":3,"minecraft:soul_campfire":16,"minecraft:iron_chestplate":1,"minecraft:carrot":87,"minecraft:furnace_minecart":1,"minecraft:tuff":3,"minecraft:beehive":6,"minecraft:obsidian":22,"minecraft:glass":127,"minecraft:hopper_minecart":15,"minecraft:stone_bricks":44,"minecraft:birch_trapdoor":3,"minecraft:golden_sword":33,"minecraft:repeater":21,"minecraft:golden_boots":5,"minecraft:bamboo_trapdoor":206,"minecraft:diamond_boots":3,"minecraft:stone_pickaxe":179,"minecraft:oak_planks":5,"minecraft:ender_pearl":10,"minecraft:redstone_block":2,"minecraft:diamond_axe":1089,"minecraft:sugar_cane":89,"minecraft:note_block":3,"minecraft:shears":187,"minecraft:end_stone":22,"minecraft:redstone_torch":64,"minecraft:lever":14,"minecraft:firework_rocket":39,"minecraft:birch_fence_gate":1,"minecraft:heavy_weighted_pressure_plate":1,"minecraft:melon_slice":6,"minecraft:string":226,"minecraft:gravel":35,"minecraft:golden_helmet":2,"minecraft:grindstone":1,"minecraft:andesite":4,"minecraft:smooth_stone_slab":13,"minecraft:bone_meal":36,"minecraft:experience_bottle":986,"minecraft:oak_fence":1,"minecraft:orange_concrete_powder":48,"minecraft:rose_bush":15,"minecraft:flint_and_steel":3,"minecraft:stone_shovel":42,"minecraft:redstone":170,"minecraft:ender_chest":8,"minecraft:wooden_shovel":64,"minecraft:stone_hoe":81,"minecraft:cooked_chicken":10,"minecraft:oak_door":1,"minecraft:dirt":2294,"minecraft:hopper":54,"minecraft:diamond_helmet":3,"minecraft:shulker_box":13,"minecraft:bee_nest":15,"minecraft:granite":7,"minecraft:stone_brick_slab":44,"minecraft:wooden_axe":57,"minecraft:bamboo_raft":2,"minecraft:bookshelf":13,"minecraft:golden_carrot":117,"minecraft:emerald_block":6,"minecraft:minecart":1,"minecraft:cooked_beef":3,"minecraft:bamboo_planks":74,"minecraft:iron_leggings":1,"minecraft:cooked_mutton":1,"minecraft:pink_tulip":1,"minecraft:birch_boat":4,"minecraft:stonecutter":1,"minecraft:cobblestone_slab":124,"minecraft:nether_gold_ore":9,"minecraft:piston":9,"minecraft:apple":1,"minecraft:stone_slab":7,"minecraft:golden_leggings":1,"minecraft:stone_axe":17,"minecraft:bucket":343,"minecraft:smooth_stone":8,"minecraft:chainmail_leggings":1},"minecraft:killed":{"minecraft:cave_spider":4,"minecraft:shulker":14,"minecraft:skeleton":22,"minecraft:chicken":2,"minecraft:iron_golem":10,"minecraft:zombie":95,"minecraft:cow":4,"minecraft:enderman":11,"minecraft:spider":9,"minecraft:silverfish":1,"minecraft:piglin":2,"minecraft:creeper":12,"minecraft:sheep":3,"minecraft:trader_llama":2},"minecraft:mined":{"minecraft:white_bed":68,"minecraft:obsidian":74,"minecraft:granite":25,"minecraft:oak_pressure_plate":7,"minecraft:hopper":24,"minecraft:oxeye_daisy":4,"minecraft:orange_concrete":40,"minecraft:tall_seagrass":2,"minecraft:cobbled_deepslate":141,"minecraft:fire":16,"minecraft:pumpkin":4,"minecraft:fletching_table":3,"minecraft:enchanting_table":2,"minecraft:dirt_path":94,"minecraft:oak_stairs":49,"minecraft:pink_tulip":1,"minecraft:white_shulker_box":5,"minecraft:tripwire":56,"minecraft:blast_furnace":4,"minecraft:melon":6,"minecraft:glass":22,"minecraft:sugar_cane":176,"minecraft:damaged_anvil":2,"minecraft:repeater":12,"minecraft:bamboo_planks":27,"minecraft:stone_brick_stairs":11,"minecraft:oak_fence_gate":1,"minecraft:loom":1,"minecraft:piston":4,"minecraft:deepslate":16,"minecraft:bamboo_fence_gate":1,"minecraft:mossy_cobblestone":3,"minecraft:shulker_box":14,"minecraft:end_stone":56,"minecraft:crimson_roots":1,"minecraft:redstone_wire":113,"minecraft:andesite":27,"minecraft:potatoes":5,"minecraft:cobblestone_slab":71,"minecraft:rail":162,"minecraft:bamboo_sapling":1,"minecraft:bamboo":435,"minecraft:cake":6,"minecraft:ender_chest":7,"minecraft:redstone_block":1,"minecraft:comparator":4,"minecraft:soul_sand":58,"minecraft:observer":5,"minecraft:dandelion":10,"minecraft:cornflower":2,"minecraft:short_grass":134,"minecraft:tall_grass":14,"minecraft:copper_ore":3,"minecraft:diorite":9,"minecraft:bamboo_wall_sign":2,"minecraft:birch_leaves":4,"minecraft:gravel":76,"minecraft:cobweb":44,"minecraft:stone_bricks":33,"minecraft:fern":1,"minecraft:oak_sapling":1,"minecraft:orange_wool":2,"minecraft:grass_block":1656,"minecraft:bamboo_sign":2,"minecraft:composter":2,"minecraft:glowstone":12,"minecraft:iron_ore":126,"minecraft:azure_bluet":7,"minecraft:iron_bars":1,"minecraft:end_stone_bricks":3,"minecraft:deepslate_redstone_ore":22,"minecraft:poppy":6,"minecraft:chest":13,"minecraft:nether_quartz_ore":19,"minecraft:cobblestone":431,"minecraft:oak_planks":58,"minecraft:cauldron":4,"minecraft:seagrass":2,"minecraft:powered_rail":27,"minecraft:birch_log":40,"minecraft:birch_trapdoor":1,"minecraft:oak_log":685,"minecraft:sand":44,"minecraft:dirt":2396,"minecraft:infested_cracked_stone_bricks":1,"minecraft:tripwire_hook":4,"minecraft:netherrack":482,"minecraft:ancient_debris":1,"minecraft:oak_leaves":172,"minecraft:emerald_block":6,"minecraft:nether_gold_ore":42,"minecraft:tuff":3,"minecraft:deepslate_diamond_ore":17,"minecraft:bamboo_fence":2,"minecraft:ladder":4,"minecraft:lever":6,"minecraft:white_stained_glass":4,"minecraft:oak_trapdoor":10,"minecraft:carrots":29,"minecraft:bell":2,"minecraft:bookshelf":17,"minecraft:deepslate_iron_ore":4,"minecraft:stripped_oak_log":6,"minecraft:packed_ice":3,"minecraft:stone":1242,"minecraft:redstone_wall_torch":1,"minecraft:magenta_stained_glass":1,"minecraft:infested_stone_bricks":1,"minecraft:crafting_table":13,"minecraft:oak_fence":2,"minecraft:rose_bush":11,"minecraft:lectern":17,"minecraft:stone_slab":2,"minecraft:birch_planks":1,"minecraft:bamboo_trapdoor":97,"minecraft:beehive":3,"minecraft:redstone_torch":5,"minecraft:bee_nest":16,"minecraft:coal_ore":50,"minecraft:end_rod":1,"minecraft:cracked_stone_bricks":10,"minecraft:mossy_stone_bricks":10}},"DataVersion":3700}