{"stats":{"minecraft:killed_by":{"minecraft:player":8,"minecraft:creeper":2,"minecraft:iron_golem":1,"minecraft:skeleton":1,"minecraft:blaze":1},"minecraft:mined":{"minecraft:nether_gold_ore":13,"minecraft:white_bed":19,"minecraft:mossy_cobblestone":11,"minecraft:nether_bricks":34,"minecraft:granite":26,"minecraft:chiseled_polished_blackstone":2,"minecraft:acacia_log":7,"minecraft:grass_block":12,"minecraft:crimson_roots":2,"minecraft:cracked_polished_blackstone_bricks":30,"minecraft:nether_wart":10,"minecraft:spawner":1,"minecraft:polished_blackstone_bricks":50,"minecraft:magma_block":17,"minecraft:glowstone":17,"minecraft:furnace":3,"minecraft:iron_ore":84,"minecraft:fire":71,"minecraft:andesite":33,"minecraft:nether_brick_stairs":1,"minecraft:gold_block":1,"minecraft:nether_brick_fence":3,"minecraft:bookshelf":2,"minecraft:stone":1433,"minecraft:bone_block":38,"minecraft:acacia_leaves":1,"minecraft:red_bed":2,"minecraft:blackstone":64,"minecraft:crimson_nylium":14,"minecraft:basalt":6,"minecraft:dandelion":1,"minecraft:cornflower":2,"minecraft:crafting_table":6,"minecraft:torch":2,"minecraft:poppy":1,"minecraft:chest":1,"minecraft:nether_quartz_ore":41,"minecraft:tall_grass":25,"minecraft:cobblestone":35,"minecraft:lapis_ore":12,"minecraft:sugar_cane":5,"minecraft:diorite":259,"minecraft:wall_torch":1,"minecraft:warped_wart_block":1,"minecraft:cactus":1,"minecraft:nether_wart_block":2,"minecraft:birch_leaves":1,"minecraft:grass":134,"minecraft:coal_ore":76,"minecraft:oak_log":16,"minecraft:gravel":87,"minecraft:dirt":48,"minecraft:gold_ore":9,"minecraft:stone_bricks":4,"minecraft:netherrack":525,"minecraft:oak_leaves":42},"minecraft:crafted":{"minecraft:oak_planks":100,"minecraft:furnace":1,"minecraft:cooked_mutton":6,"minecraft:bow":2,"minecraft:iron_boots":3,"minecraft:iron_axe":1,"minecraft:stone_pickaxe":1,"minecraft:chest":4,"minecraft:netherite_scrap":1,"minecraft:stone_bricks":256,"minecraft:arrow":236,"minecraft:cooked_porkchop":3,"minecraft:crafting_table":1,"minecraft:wooden_pickaxe":1,"minecraft:iron_helmet":2,"minecraft:iron_sword":1,"minecraft:bucket":1,"minecraft:stone_axe":1,"minecraft:glowstone":13,"minecraft:air":0,"minecraft:iron_chestplate":3,"minecraft:shield":1,"minecraft:stick":100,"minecraft:iron_pickaxe":1,"minecraft:iron_shovel":1,"minecraft:iron_leggings":2,"minecraft:gold_ingot":10,"minecraft:white_bed":3},"minecraft:picked_up":{"minecraft:iron_chestplate":14,"minecraft:crafting_table":6,"minecraft:nether_brick_fence":5,"minecraft:nether_wart":10,"minecraft:diamond_sword":33,"minecraft:gold_block":3,"minecraft:enchanted_book":7,"minecraft:shield":18,"minecraft:cornflower":1,"minecraft:string":13,"minecraft:red_bed":2,"minecraft:iron_leggings":14,"minecraft:blackstone":116,"minecraft:diamond_leggings":6,"minecraft:gold_nugget":15,"minecraft:bucket":5,"minecraft:poppy":4,"minecraft:lectern":1,"minecraft:sugar_cane":12,"minecraft:chest":1,"minecraft:birch_sapling":2,"minecraft:iron_boots":14,"minecraft:furnace":3,"minecraft:stick":15,"minecraft:stone":1354,"minecraft:torch":31,"minecraft:acacia_log":7,"minecraft:porkchop":3,"minecraft:polished_blackstone_bricks":99,"minecraft:diorite":259,"minecraft:carrot":1,"minecraft:golden_chestplate":1,"minecraft:cactus":3,"minecraft:stone_sword":2,"minecraft:nether_gold_ore":37,"minecraft:arrow":1284,"minecraft:rotten_flesh":309,"minecraft:diamond_chestplate":6,"minecraft:nether_bricks":27,"minecraft:diamond_boots":5,"minecraft:iron_block":2,"minecraft:glowstone":13,"minecraft:saddle":2,"minecraft:gold_ingot":20,"minecraft:blaze_rod":24,"minecraft:mutton":22,"minecraft:obsidian":23,"minecraft:bone_block":114,"minecraft:white_wool":65,"minecraft:cobblestone":409,"minecraft:lapis_ore":12,"minecraft:magma_block":10,"minecraft:cooked_beef":638,"minecraft:feather":104,"minecraft:basalt":12,"minecraft:leather":137,"minecraft:water_bucket":2,"minecraft:andesite":86,"minecraft:brown_wool":2,"minecraft:potato":2,"minecraft:flint":64,"minecraft:crimson_fungus":4,"minecraft:oak_log":16,"minecraft:ancient_debris":3,"minecraft:nether_wart_block":2,"minecraft:gunpowder":74,"minecraft:wither_skeleton_skull":1,"minecraft:lapis_lazuli":56,"minecraft:dirt":204,"minecraft:cooked_mutton":183,"minecraft:bone":284,"minecraft:stone_bricks":565,"minecraft:bow":34,"minecraft:wheat_seeds":24,"minecraft:iron_ingot":187,"minecraft:iron_ore":197,"minecraft:cooked_chicken":76,"minecraft:diamond_helmet":5,"minecraft:glowstone_dust":52,"minecraft:oak_planks":21,"minecraft:book":66,"minecraft:ghast_tear":3,"minecraft:oak_slab":1,"minecraft:nether_quartz_ore":76,"minecraft:chiseled_polished_blackstone":4,"minecraft:cooked_porkchop":147,"minecraft:warped_wart_block":1,"minecraft:quartz":8,"minecraft:dandelion":1,"minecraft:gravel":2,"minecraft:white_bed":18,"minecraft:grass_block":1,"minecraft:gold_ore":9,"minecraft:spider_eye":4,"minecraft:mossy_cobblestone":11,"minecraft:diamond_shovel":9,"minecraft:coal_ore":30,"minecraft:iron_helmet":9,"minecraft:cracked_polished_blackstone_bricks":61,"minecraft:diamond_axe":2,"minecraft:granite":104,"minecraft:golden_apple":29,"minecraft:bread":369,"minecraft:oak_sapling":20,"minecraft:netherrack":488,"minecraft:warped_nylium":2,"minecraft:crimson_nylium":17,"minecraft:coal":90,"minecraft:crimson_roots":3,"minecraft:diamond_pickaxe":24,"minecraft:ender_pearl":16},"minecraft:dropped":{"minecraft:water_bucket":2,"minecraft:enchanted_book":3,"minecraft:iron_ingot":140,"minecraft:bread":6,"minecraft:iron_sword":1,"minecraft:wheat_seeds":11,"minecraft:diamond_axe":2,"minecraft:lapis_lazuli":56,"minecraft:cooked_beef":21,"minecraft:oak_log":4,"minecraft:ender_pearl":2,"minecraft:diamond_leggings":1,"minecraft:iron_helmet":1,"minecraft:cobblestone":24,"minecraft:book":130,"minecraft:golden_apple":1,"minecraft:stick":22,"minecraft:dirt":12,"minecraft:brown_wool":2,"minecraft:iron_leggings":1,"minecraft:iron_axe":1,"minecraft:polished_blackstone_bricks":49,"minecraft:iron_pickaxe":1,"minecraft:cactus":3,"minecraft:iron_shovel":1,"minecraft:white_wool":6,"minecraft:bucket":1,"minecraft:gold_ingot":30,"minecraft:gravel":1,"minecraft:sugar_cane":6,"minecraft:warped_nylium":2,"minecraft:cooked_chicken":30,"minecraft:golden_chestplate":1,"minecraft:stone_sword":2,"minecraft:rotten_flesh":6,"minecraft:wither_skeleton_skull":1,"minecraft:iron_boots":1,"minecraft:oak_planks":11,"minecraft:diamond_shovel":1,"minecraft:cooked_mutton":3,"minecraft:white_bed":2,"minecraft:nether_bricks":2,"minecraft:diamond_sword":6,"minecraft:poppy":2,"minecraft:potato":1,"minecraft:stone":695,"minecraft:diamond_chestplate":1,"minecraft:diamond_pickaxe":5,"minecraft:iron_chestplate":1,"minecraft:oak_sapling":4,"minecraft:iron_ore":52,"minecraft:arrow":103,"minecraft:bow":7,"minecraft:lectern":1,"minecraft:netherrack":34},"minecraft:broken":{"minecraft:iron_boots":1,"minecraft:flint_and_steel":1,"minecraft:iron_helmet":1},"minecraft:custom":{"minecraft:interact_with_anvil":20,"minecraft:mob_kills":290,"minecraft:interact_with_crafting_table":32,"minecraft:leave_game":27,"minecraft:time_since_death":495,"minecraft:climb_one_cm":206,"minecraft:sprint_one_cm":781812,"minecraft:walk_one_cm":818573,"minecraft:damage_blocked_by_shield":1375,"minecraft:drop":187,"minecraft:damage_dealt_absorbed":96,"minecraft:talked_to_villager":1,"minecraft:deaths":20,"minecraft:sneak_time":23379,"minecraft:walk_under_water_one_cm":73229,"minecraft:boat_one_cm":2900,"minecraft:jump":8415,"minecraft:walk_on_water_one_cm":48013,"minecraft:interact_with_furnace":15,"minecraft:play_one_minute":358379,"minecraft:sleep_in_bed":23,"minecraft:time_since_rest":538,"minecraft:damage_absorbed":121,"minecraft:open_enderchest":4,"minecraft:damage_taken":14021,"minecraft:trigger_trapped_chest":2,"minecraft:damage_dealt":38820,"minecraft:swim_one_cm":126918,"minecraft:fly_one_cm":1765467,"minecraft:open_chest":360,"minecraft:crouch_one_cm":51666,"minecraft:fall_one_cm":239261,"minecraft:horse_one_cm":448413},"minecraft:used":{"minecraft:nether_brick_fence":5,"minecraft:iron_shovel":11,"minecraft:flint_and_steel":65,"minecraft:poppy":1,"minecraft:chest":5,"minecraft:shield":29,"minecraft:iron_sword":1,"minecraft:stone":66,"minecraft:cooked_chicken":3,"minecraft:netherrack":344,"minecraft:torch":4,"minecraft:mutton":6,"minecraft:dirt":48,"minecraft:warped_wart_block":1,"minecraft:nether_bricks":25,"minecraft:granite":15,"minecraft:obsidian":9,"minecraft:iron_axe":6,"minecraft:grass_block":1,"minecraft:birch_sapling":2,"minecraft:crimson_roots":1,"minecraft:stone_bricks":166,"minecraft:bow":94,"minecraft:oak_sapling":16,"minecraft:furnace":4,"minecraft:cooked_beef":41,"minecraft:cooked_mutton":2,"minecraft:chiseled_polished_blackstone":2,"minecraft:water_bucket":44,"minecraft:diorite":1,"minecraft:iron_ore":3,"minecraft:oak_planks":1,"minecraft:stone_pickaxe":24,"minecraft:ender_pearl":4,"minecraft:blackstone":2,"minecraft:wooden_pickaxe":15,"minecraft:diamond_axe":24,"minecraft:golden_apple":3,"minecraft:white_wool":8,"minecraft:polished_blackstone_bricks":1,"minecraft:oak_slab":1,"minecraft:crafting_table":7,"minecraft:red_bed":2,"minecraft:white_bed":17,"minecraft:nether_gold_ore":3,"minecraft:diamond_pickaxe":2817,"minecraft:diamond_shovel":108,"minecraft:cracked_polished_blackstone_bricks":32,"minecraft:bread":94,"minecraft:iron_pickaxe":1,"minecraft:crimson_nylium":12,"minecraft:stone_axe":33,"minecraft:nether_wart_block":2,"minecraft:diamond_sword":539,"minecraft:cobblestone":49,"minecraft:cooked_porkchop":4,"minecraft:andesite":6,"minecraft:bucket":47},"minecraft:killed":{"minecraft:endermite":1,"minecraft:spider":8,"minecraft:skeleton":23,"minecraft:chicken":30,"minecraft:llama":1,"minecraft:piglin":2,"minecraft:pig":34,"minecraft:zombie_villager":1,"minecraft:iron_golem":3,"minecraft:bat":2,"minecraft:hoglin":3,"minecraft:creeper":13,"minecraft:sheep":50,"minecraft:donkey":4,"minecraft:zombie":47,"minecraft:wither_skeleton":9,"minecraft:blaze":5,"minecraft:enderman":5,"minecraft:cow":24}},"DataVersion":2586}