{"stats":{"minecraft:killed_by":{"minecraft:player":20,"minecraft:zombie":3},"minecraft:killed":{"minecraft:pig":2,"minecraft:sheep":4,"minecraft:cow":4},"minecraft:used":{"minecraft:cooked_mutton":4,"minecraft:netherite_sword":4,"minecraft:stone_sword":25,"minecraft:stone_pickaxe":4,"minecraft:ender_pearl":1,"minecraft:wooden_pickaxe":16,"minecraft:stone":20,"minecraft:iron_sword":2,"minecraft:cobblestone_slab":3,"minecraft:netherrack":2,"minecraft:golden_apple":1,"minecraft:dirt":24,"minecraft:ancient_debris":21,"minecraft:crafting_table":2,"minecraft:wooden_axe":5,"minecraft:firework_rocket":1,"minecraft:iron_axe":8,"minecraft:stone_bricks":26,"minecraft:stone_axe":15,"minecraft:cobblestone":4,"minecraft:bow":5,"minecraft:furnace":1,"minecraft:egg":1,"minecraft:cooked_beef":1},"minecraft:crafted":{"minecraft:oak_planks":280,"minecraft:crafting_table":2,"minecraft:wooden_pickaxe":1,"minecraft:furnace":1,"minecraft:stone_axe":1,"minecraft:cooked_mutton":4,"minecraft:air":0,"minecraft:stick":8,"minecraft:stone_pickaxe":1,"minecraft:stone_sword":1},"minecraft:picked_up":{"minecraft:birch_log":5,"minecraft:netherite_boots":1,"minecraft:crafting_table":2,"minecraft:cooked_beef":101,"minecraft:leather_leggings":7,"minecraft:leather":3,"minecraft:oak_log":14,"minecraft:ancient_debris":1,"minecraft:dirt":116,"minecraft:red_bed":1,"minecraft:elytra":1,"minecraft:iron_axe":7,"minecraft:cooked_mutton":9,"minecraft:leather_boots":8,"minecraft:stone_bricks":72,"minecraft:bow":1,"minecraft:wheat_seeds":2,"minecraft:diamond_leggings":4,"minecraft:netherite_sword":2,"minecraft:iron_ingot":97,"minecraft:beef":6,"minecraft:cobblestone_slab":8,"minecraft:netherite_axe":2,"minecraft:light_gray_wool":1,"minecraft:iron_pickaxe":6,"minecraft:diamond_helmet":4,"minecraft:enchanted_golden_apple":2,"minecraft:sugar_cane":7,"minecraft:oak_planks":20,"minecraft:iron_sword":4,"minecraft:egg":1,"minecraft:furnace":1,"minecraft:stick":2,"minecraft:stone":18,"minecraft:cooked_porkchop":65,"minecraft:porkchop":2,"minecraft:sand":2,"minecraft:trident":3,"minecraft:netherite_pickaxe":3,"minecraft:leather_helmet":10,"minecraft:shulker_box":5,"minecraft:firework_rocket":550,"minecraft:arrow":64,"minecraft:rotten_flesh":14,"minecraft:diamond_chestplate":6,"minecraft:netherite_helmet":1,"minecraft:diamond_boots":5,"minecraft:golden_apple":63,"minecraft:bread":33,"minecraft:netherite_chestplate":2,"minecraft:netherrack":62,"minecraft:black_wool":1,"minecraft:mutton":6,"minecraft:white_wool":5,"minecraft:cobblestone":199,"minecraft:ender_pearl":24},"minecraft:custom":{"minecraft:interact_with_furnace":8,"minecraft:mob_kills":10,"minecraft:interact_with_crafting_table":6,"minecraft:play_one_minute":54029,"minecraft:leave_game":2,"minecraft:time_since_death":603,"minecraft:damage_resisted":2570,"minecraft:time_since_rest":652,"minecraft:sprint_one_cm":290706,"minecraft:damage_absorbed":40,"minecraft:damage_taken":7065,"minecraft:walk_one_cm":85538,"minecraft:trigger_trapped_chest":11,"minecraft:drop":32,"minecraft:damage_dealt":3416,"minecraft:interact_with_beacon":7,"minecraft:swim_one_cm":31623,"minecraft:fly_one_cm":323326,"minecraft:player_kills":5,"minecraft:open_chest":55,"minecraft:crouch_one_cm":11862,"minecraft:deaths":23,"minecraft:sneak_time":6673,"minecraft:walk_under_water_one_cm":23709,"minecraft:aviate_one_cm":85316,"minecraft:jump":1160,"minecraft:walk_on_water_one_cm":5270,"minecraft:fall_one_cm":33762,"minecraft:horse_one_cm":444},"minecraft:mined":{"minecraft:red_bed":1,"minecraft:crafting_table":2,"minecraft:grass_block":11,"minecraft:dead_bush":1,"minecraft:tall_grass":2,"minecraft:oak_planks":2,"minecraft:sugar_cane":4,"minecraft:furnace":1,"minecraft:birch_log":5,"minecraft:grass":12,"minecraft:cobblestone_slab":1,"minecraft:oak_log":14,"minecraft:dirt":23,"minecraft:stone":17,"minecraft:oak_leaves":1},"minecraft:dropped":{"minecraft:netherite_pickaxe":2,"minecraft:netherite_sword":2,"minecraft:netherite_chestplate":2,"minecraft:diamond_leggings":1,"minecraft:netherite_helmet":1,"minecraft:rotten_flesh":8,"minecraft:elytra":1,"minecraft:leather_helmet":2,"minecraft:netherite_leggings":1,"minecraft:stick":2,"minecraft:trident":2,"minecraft:diamond_chestplate":2,"minecraft:leather_boots":2,"minecraft:netherite_boots":1,"minecraft:diamond_helmet":2,"minecraft:leather_leggings":1,"minecraft:diamond_boots":2,"minecraft:iron_axe":1,"minecraft:firework_rocket":118}},"DataVersion":2586}