{"stats":{"minecraft:killed_by":{"minecraft:zombie":1},"minecraft:killed":{"minecraft:sheep":4,"minecraft:pig":2,"minecraft:cow":4},"minecraft:used":{"minecraft:cooked_mutton":3,"minecraft:stone_sword":25,"minecraft:stone_pickaxe":3,"minecraft:wooden_pickaxe":16,"minecraft:stone_axe":15,"minecraft:dirt":7,"minecraft:crafting_table":2,"minecraft:furnace":1,"minecraft:egg":1},"minecraft:crafted":{"minecraft:oak_planks":24,"minecraft:crafting_table":1,"minecraft:stick":8,"minecraft:wooden_pickaxe":1,"minecraft:stone_pickaxe":1,"minecraft:stone_sword":1,"minecraft:furnace":1,"minecraft:stone_axe":1,"minecraft:air":0,"minecraft:cooked_mutton":4},"minecraft:picked_up":{"minecraft:birch_log":5,"minecraft:crafting_table":2,"minecraft:leather":3,"minecraft:porkchop":2,"minecraft:oak_log":14,"minecraft:dirt":11,"minecraft:wheat_seeds":2,"minecraft:beef":6,"minecraft:light_gray_wool":1,"minecraft:sugar_cane":7,"minecraft:black_wool":1,"minecraft:mutton":6,"minecraft:oak_planks":18,"minecraft:white_wool":2,"minecraft:furnace":1,"minecraft:cobblestone":17,"minecraft:egg":1},"minecraft:custom":{"minecraft:time_since_rest":12453,"minecraft:interact_with_furnace":7,"minecraft:sprint_one_cm":70285,"minecraft:damage_taken":400,"minecraft:walk_one_cm":16005,"minecraft:trigger_trapped_chest":2,"minecraft:mob_kills":10,"minecraft:damage_dealt":993,"minecraft:swim_one_cm":5211,"minecraft:interact_with_crafting_table":4,"minecraft:fly_one_cm":119474,"minecraft:open_chest":6,"minecraft:play_one_minute":12951,"minecraft:crouch_one_cm":3160,"minecraft:deaths":1,"minecraft:sneak_time":1328,"minecraft:walk_under_water_one_cm":438,"minecraft:jump":430,"minecraft:leave_game":2,"minecraft:walk_on_water_one_cm":1221,"minecraft:time_since_death":12265,"minecraft:fall_one_cm":9516},"minecraft:mined":{"minecraft:furnace":1,"minecraft:birch_log":5,"minecraft:crafting_table":2,"minecraft:grass":8,"minecraft:grass_block":4,"minecraft:oak_log":14,"minecraft:dirt":7,"minecraft:tall_grass":2,"minecraft:stone":17,"minecraft:sugar_cane":4,"minecraft:oak_leaves":1}},"DataVersion":2586}