{"stats":{"minecraft:killed_by":{"minecraft:player":5,"minecraft:zombie":1},"minecraft:killed":{"minecraft:pig":2,"minecraft:sheep":4,"minecraft:cow":4},"minecraft:used":{"minecraft:cooked_mutton":3,"minecraft:netherite_sword":4,"minecraft:stone_sword":25,"minecraft:stone_pickaxe":3,"minecraft:wooden_pickaxe":16,"minecraft:iron_sword":2,"minecraft:golden_apple":1,"minecraft:dirt":7,"minecraft:crafting_table":2,"minecraft:iron_axe":1,"minecraft:stone_axe":15,"minecraft:bow":5,"minecraft:furnace":1,"minecraft:egg":1,"minecraft:cooked_beef":1},"minecraft:crafted":{"minecraft:oak_planks":24,"minecraft:crafting_table":1,"minecraft:wooden_pickaxe":1,"minecraft:furnace":1,"minecraft:stone_axe":1,"minecraft:cooked_mutton":4,"minecraft:air":0,"minecraft:stick":8,"minecraft:stone_pickaxe":1,"minecraft:stone_sword":1},"minecraft:picked_up":{"minecraft:birch_log":5,"minecraft:netherite_boots":1,"minecraft:crafting_table":2,"minecraft:cooked_beef":101,"minecraft:leather_leggings":2,"minecraft:leather":3,"minecraft:oak_log":14,"minecraft:dirt":91,"minecraft:elytra":1,"minecraft:iron_axe":5,"minecraft:leather_boots":2,"minecraft:bow":1,"minecraft:wheat_seeds":2,"minecraft:diamond_leggings":4,"minecraft:netherite_sword":1,"minecraft:iron_ingot":1,"minecraft:beef":6,"minecraft:netherite_axe":2,"minecraft:light_gray_wool":1,"minecraft:iron_pickaxe":6,"minecraft:diamond_helmet":4,"minecraft:enchanted_golden_apple":2,"minecraft:sugar_cane":7,"minecraft:oak_planks":18,"minecraft:iron_sword":4,"minecraft:egg":1,"minecraft:furnace":1,"minecraft:cooked_porkchop":62,"minecraft:porkchop":2,"minecraft:sand":2,"minecraft:trident":2,"minecraft:netherite_pickaxe":2,"minecraft:leather_helmet":2,"minecraft:shulker_box":5,"minecraft:firework_rocket":491,"minecraft:arrow":64,"minecraft:rotten_flesh":8,"minecraft:diamond_chestplate":6,"minecraft:netherite_helmet":1,"minecraft:diamond_boots":5,"minecraft:golden_apple":63,"minecraft:bread":33,"minecraft:netherite_chestplate":1,"minecraft:black_wool":1,"minecraft:mutton":6,"minecraft:white_wool":5,"minecraft:cobblestone":69,"minecraft:ender_pearl":23},"minecraft:custom":{"minecraft:interact_with_furnace":7,"minecraft:mob_kills":10,"minecraft:interact_with_crafting_table":5,"minecraft:play_one_minute":30029,"minecraft:leave_game":2,"minecraft:time_since_death":866,"minecraft:time_since_rest":901,"minecraft:sprint_one_cm":169224,"minecraft:damage_absorbed":40,"minecraft:damage_taken":2234,"minecraft:walk_one_cm":46143,"minecraft:trigger_trapped_chest":2,"minecraft:drop":9,"minecraft:damage_dealt":2064,"minecraft:interact_with_beacon":2,"minecraft:swim_one_cm":15920,"minecraft:fly_one_cm":157081,"minecraft:player_kills":4,"minecraft:open_chest":19,"minecraft:crouch_one_cm":3749,"minecraft:deaths":6,"minecraft:sneak_time":1545,"minecraft:walk_under_water_one_cm":10931,"minecraft:jump":581,"minecraft:walk_on_water_one_cm":1987,"minecraft:fall_one_cm":14966,"minecraft:horse_one_cm":444},"minecraft:mined":{"minecraft:crafting_table":2,"minecraft:grass_block":4,"minecraft:tall_grass":2,"minecraft:sugar_cane":4,"minecraft:furnace":1,"minecraft:birch_log":5,"minecraft:grass":8,"minecraft:oak_log":14,"minecraft:dirt":7,"minecraft:stone":17,"minecraft:oak_leaves":1},"minecraft:dropped":{"minecraft:diamond_leggings":1,"minecraft:rotten_flesh":4,"minecraft:diamond_chestplate":2,"minecraft:diamond_helmet":2,"minecraft:diamond_boots":2}},"DataVersion":2586}