{"stats":{"minecraft:killed_by":{"minecraft:player":2,"minecraft:zombie":1},"minecraft:killed":{"minecraft:pig":2,"minecraft:sheep":4,"minecraft:cow":4},"minecraft:used":{"minecraft:cooked_mutton":3,"minecraft:netherite_sword":2,"minecraft:stone_sword":25,"minecraft:stone_pickaxe":3,"minecraft:wooden_pickaxe":16,"minecraft:iron_sword":2,"minecraft:dirt":7,"minecraft:crafting_table":2,"minecraft:stone_axe":15,"minecraft:bow":5,"minecraft:furnace":1,"minecraft:egg":1,"minecraft:cooked_beef":1},"minecraft:crafted":{"minecraft:oak_planks":24,"minecraft:crafting_table":1,"minecraft:wooden_pickaxe":1,"minecraft:furnace":1,"minecraft:stone_axe":1,"minecraft:cooked_mutton":4,"minecraft:air":0,"minecraft:stick":8,"minecraft:stone_pickaxe":1,"minecraft:stone_sword":1},"minecraft:picked_up":{"minecraft:birch_log":5,"minecraft:netherite_boots":1,"minecraft:crafting_table":2,"minecraft:cooked_beef":101,"minecraft:leather":3,"minecraft:oak_log":14,"minecraft:dirt":71,"minecraft:elytra":1,"minecraft:iron_axe":3,"minecraft:bow":1,"minecraft:wheat_seeds":2,"minecraft:diamond_leggings":3,"minecraft:netherite_sword":1,"minecraft:beef":6,"minecraft:netherite_axe":2,"minecraft:light_gray_wool":1,"minecraft:iron_pickaxe":3,"minecraft:diamond_helmet":4,"minecraft:enchanted_golden_apple":2,"minecraft:sugar_cane":7,"minecraft:oak_planks":18,"minecraft:iron_sword":3,"minecraft:egg":1,"minecraft:furnace":1,"minecraft:cooked_porkchop":62,"minecraft:porkchop":2,"minecraft:trident":2,"minecraft:netherite_pickaxe":2,"minecraft:shulker_box":5,"minecraft:firework_rocket":491,"minecraft:arrow":64,"minecraft:rotten_flesh":6,"minecraft:diamond_chestplate":4,"minecraft:netherite_helmet":1,"minecraft:diamond_boots":4,"minecraft:golden_apple":62,"minecraft:bread":33,"minecraft:netherite_chestplate":1,"minecraft:black_wool":1,"minecraft:mutton":6,"minecraft:white_wool":3,"minecraft:cobblestone":69,"minecraft:ender_pearl":10},"minecraft:custom":{"minecraft:interact_with_furnace":7,"minecraft:mob_kills":10,"minecraft:interact_with_crafting_table":5,"minecraft:play_one_minute":18029,"minecraft:leave_game":2,"minecraft:time_since_death":2040,"minecraft:time_since_rest":2072,"minecraft:sprint_one_cm":121874,"minecraft:damage_taken":1069,"minecraft:walk_one_cm":23783,"minecraft:trigger_trapped_chest":2,"minecraft:drop":9,"minecraft:damage_dealt":1415,"minecraft:swim_one_cm":11425,"minecraft:fly_one_cm":146517,"minecraft:player_kills":2,"minecraft:open_chest":10,"minecraft:crouch_one_cm":3451,"minecraft:deaths":3,"minecraft:sneak_time":1496,"minecraft:walk_under_water_one_cm":9961,"minecraft:jump":517,"minecraft:walk_on_water_one_cm":1862,"minecraft:fall_one_cm":14706,"minecraft:horse_one_cm":444},"minecraft:mined":{"minecraft:crafting_table":2,"minecraft:grass_block":4,"minecraft:tall_grass":2,"minecraft:sugar_cane":4,"minecraft:furnace":1,"minecraft:birch_log":5,"minecraft:grass":8,"minecraft:oak_log":14,"minecraft:dirt":7,"minecraft:stone":17,"minecraft:oak_leaves":1},"minecraft:dropped":{"minecraft:diamond_leggings":1,"minecraft:rotten_flesh":4,"minecraft:diamond_chestplate":2,"minecraft:diamond_helmet":2,"minecraft:diamond_boots":2}},"DataVersion":2586}