{"stats":{"minecraft:killed_by":{"minecraft:player":10},"minecraft:killed":{"minecraft:witch":1,"minecraft:spider":15,"minecraft:wither":1,"minecraft:skeleton":47,"minecraft:silverfish":1,"minecraft:turtle":1,"minecraft:piglin_brute":2,"minecraft:tropical_fish":2,"minecraft:magma_cube":2,"minecraft:piglin":14,"minecraft:pig":2,"minecraft:zombie_villager":1,"minecraft:iron_golem":6,"minecraft:ender_dragon":1,"minecraft:creeper":23,"minecraft:sheep":11,"minecraft:zombie":66,"minecraft:ghast":6,"minecraft:blaze":35,"minecraft:cow":4,"minecraft:endermite":10,"minecraft:husk":4,"minecraft:bat":5,"minecraft:hoglin":2,"minecraft:wither_skeleton":45,"minecraft:villager":10,"minecraft:enderman":486},"minecraft:used":{"minecraft:dispenser":3,"minecraft:ladder":64,"minecraft:oak_sign":28,"minecraft:chest":99,"minecraft:iron_sword":21,"minecraft:stone":493,"minecraft:zombie_spawn_egg":7,"minecraft:bell":2,"minecraft:tube_coral":3,"minecraft:soul_sand":21,"minecraft:nether_bricks":7,"minecraft:obsidian":90,"minecraft:milk_bucket":1,"minecraft:glass":266,"minecraft:lava_bucket":31,"minecraft:villager_spawn_egg":32,"minecraft:lantern":19,"minecraft:grass_block":150,"minecraft:dark_oak_leaves":2,"minecraft:stone_bricks":280,"minecraft:item_frame":34,"minecraft:bedrock":11,"minecraft:repeater":18,"minecraft:redstone_lamp":71,"minecraft:bow":435,"minecraft:furnace":52,"minecraft:gold_block":13,"minecraft:acacia_fence":3,"minecraft:damaged_anvil":1,"minecraft:diorite":1,"minecraft:mossy_stone_bricks":1,"minecraft:wither_skeleton_skull":4,"minecraft:stone_pickaxe":2,"minecraft:oak_planks":545,"minecraft:blackstone":29,"minecraft:ender_pearl":37,"minecraft:redstone_block":7,"minecraft:diamond_axe":309,"minecraft:golden_apple":25,"minecraft:sand":11,"minecraft:oak_leaves":642,"minecraft:loom":1,"minecraft:blast_furnace":11,"minecraft:gray_concrete":109,"minecraft:end_stone":58,"minecraft:creeper_spawn_egg":3,"minecraft:sticky_piston":22,"minecraft:lever":6,"minecraft:black_concrete":38,"minecraft:firework_rocket":5,"minecraft:light_gray_concrete":283,"minecraft:bread":60,"minecraft:stone_button":3,"minecraft:lectern":161,"minecraft:iron_door":2,"minecraft:diamond_ore":13,"minecraft:diamond_sword":389,"minecraft:andesite":1,"minecraft:grindstone":2,"minecraft:smithing_table":2,"minecraft:oak_fence":34,"minecraft:tropical_fish_bucket":21,"minecraft:oak_trapdoor":27,"minecraft:oak_boat":5,"minecraft:petrified_oak_slab":71,"minecraft:trident":33,"minecraft:netherite_sword":523,"minecraft:enchanting_table":3,"minecraft:flint_and_steel":14,"minecraft:redstone":146,"minecraft:ender_chest":21,"minecraft:netherrack":360,"minecraft:torch":573,"minecraft:dragon_egg":1,"minecraft:anvil":23,"minecraft:dirt":159,"minecraft:target":1,"minecraft:hopper":12,"minecraft:nether_quartz_ore":1,"minecraft:nether_brick_slab":135,"minecraft:shulker_box":72,"minecraft:granite":10,"minecraft:oak_fence_gate":10,"minecraft:stone_brick_slab":3,"minecraft:wooden_axe":4,"minecraft:bookshelf":141,"minecraft:iron_block":255,"minecraft:iron_axe":2,"minecraft:crimson_planks":66,"minecraft:glowstone":4,"minecraft:netherite_pickaxe":1922,"minecraft:minecart":4,"minecraft:trapped_chest":27,"minecraft:cooked_beef":37,"minecraft:acacia_planks":7,"minecraft:enchanted_golden_apple":2,"minecraft:cooked_mutton":14,"minecraft:acacia_boat":1,"minecraft:water_bucket":148,"minecraft:iron_ore":21,"minecraft:birch_planks":5,"minecraft:glass_bottle":27,"minecraft:beacon":6,"minecraft:fletching_table":23,"minecraft:cobblestone_slab":85,"minecraft:cracked_stone_bricks":2,"minecraft:polished_blackstone_bricks":141,"minecraft:rail":2,"minecraft:crafting_table":30,"minecraft:oak_slab":35,"minecraft:red_bed":7,"minecraft:white_bed":51,"minecraft:fire_coral":3,"minecraft:painting":8,"minecraft:endermite_spawn_egg":9,"minecraft:smoker":8,"minecraft:piston":4,"minecraft:ender_eye":37,"minecraft:diamond_pickaxe":3964,"minecraft:diamond_shovel":980,"minecraft:cracked_polished_blackstone_bricks":30,"minecraft:iron_pickaxe":6,"minecraft:netherite_axe":372,"minecraft:cobblestone":340,"minecraft:potion":4,"minecraft:bucket":107,"minecraft:red_banner":20,"minecraft:cooked_porkchop":59,"minecraft:lapis_block":40,"minecraft:glass_pane":20,"minecraft:kelp":32},"minecraft:crafted":{"minecraft:oak_planks":1932,"minecraft:cobblestone_slab":6,"minecraft:oak_sign":21,"minecraft:blaze_powder":28,"minecraft:stone":7,"minecraft:diamond_shovel":2,"minecraft:bookshelf":11,"minecraft:shulker_box":32,"minecraft:hopper":3,"minecraft:diamond_helmet":9,"minecraft:diamond_leggings":3,"minecraft:bow":1,"minecraft:beacon":1,"minecraft:chest":59,"minecraft:acacia_fence":3,"minecraft:ender_eye":21,"minecraft:stone_bricks":568,"minecraft:glass_bottle":51,"minecraft:oak_slab":24,"minecraft:emerald":655,"minecraft:diamond_axe":1,"minecraft:crafting_table":9,"minecraft:smithing_table":1,"minecraft:diamond_pickaxe":3,"minecraft:stick":2660,"minecraft:iron_ingot":72,"minecraft:gold_ingot":65,"minecraft:netherite_ingot":14,"minecraft:leather_leggings":2,"minecraft:leather_boots":2,"minecraft:furnace":40,"minecraft:oak_trapdoor":22,"minecraft:netherite_axe":2,"minecraft:ladder":21,"minecraft:stone_pickaxe":1,"minecraft:diamond_boots":3,"minecraft:netherite_scrap":54,"minecraft:wheat":207,"minecraft:crimson_planks":60,"minecraft:diamond_sword":8,"minecraft:leather_helmet":2,"minecraft:bucket":4,"minecraft:enchanted_book":24,"minecraft:air":0,"minecraft:acacia_boat":1,"minecraft:bread":69,"minecraft:white_bed":1,"minecraft:acacia_planks":28,"minecraft:diamond_chestplate":3},"minecraft:picked_up":{"minecraft:wooden_axe":1,"minecraft:seagrass":2,"minecraft:iron_chestplate":9,"minecraft:wheat":5,"minecraft:redstone_block":3,"minecraft:ender_chest":19,"minecraft:nether_brick_fence":2,"minecraft:anvil":5,"minecraft:lead":4,"minecraft:smithing_table":1,"minecraft:diamond_sword":11,"minecraft:enchanted_book":16,"minecraft:crimson_planks":6,"minecraft:golden_sword":3,"minecraft:polished_blackstone_brick_stairs":1,"minecraft:string":26,"minecraft:iron_leggings":10,"minecraft:oak_sign":21,"minecraft:diamond_leggings":7,"minecraft:gold_nugget":261,"minecraft:bucket":2,"minecraft:cobblestone_slab":232,"minecraft:ender_eye":8,"minecraft:iron_pickaxe":11,"minecraft:enchanted_golden_apple":4,"minecraft:iron_boots":7,"minecraft:furnace":2,"minecraft:diamond_ore":1,"minecraft:stick":65,"minecraft:acacia_fence":6,"minecraft:oak_fence":2,"minecraft:torch":193,"minecraft:acacia_log":14,"minecraft:porkchop":57,"minecraft:netherite_shovel":3,"minecraft:diorite":230,"minecraft:rabbit_foot":1,"minecraft:cactus":10,"minecraft:stone_sword":4,"minecraft:nether_gold_ore":8,"minecraft:rotten_flesh":180,"minecraft:tropical_fish":1,"minecraft:iron_block":31,"minecraft:bookshelf":73,"minecraft:netherite_chestplate":8,"minecraft:leather_horse_armor":2,"minecraft:blaze_rod":34,"minecraft:obsidian":21,"minecraft:iron_bars":4,"minecraft:cobblestone":3911,"minecraft:enchanting_table":2,"minecraft:magma_block":9,"minecraft:cooked_beef":111,"minecraft:magma_cream":1,"minecraft:iron_door":5,"minecraft:water_bucket":4,"minecraft:andesite":161,"minecraft:beacon":3,"minecraft:potato":2,"minecraft:flint":38,"minecraft:acacia_boat":1,"minecraft:wither_skeleton_skull":6,"minecraft:netherite_leggings":6,"minecraft:lapis_lazuli":192,"minecraft:dirt":2942,"minecraft:lantern":1,"minecraft:leather_boots":12,"minecraft:glass":48,"minecraft:bone":263,"minecraft:acacia_planks":77,"minecraft:bow":16,"minecraft:wheat_seeds":35,"minecraft:bell":5,"minecraft:grindstone":1,"minecraft:netherite_axe":7,"minecraft:mossy_stone_bricks":9,"minecraft:fletching_table":13,"minecraft:diamond_helmet":4,"minecraft:glowstone_dust":44,"minecraft:oak_planks":707,"minecraft:ghast_tear":1,"minecraft:cooked_porkchop":386,"minecraft:sand":185,"minecraft:grass_block":5,"minecraft:trapped_chest":2,"minecraft:shulker_box":52,"minecraft:diamond":371,"minecraft:netherite_helmet":9,"minecraft:cracked_polished_blackstone_bricks":31,"minecraft:crossbow":1,"minecraft:granite":165,"minecraft:golden_apple":123,"minecraft:emerald":228,"minecraft:bread":141,"minecraft:oak_sapling":12,"minecraft:netherrack":1858,"minecraft:chorus_fruit":75,"minecraft:nether_star":1,"minecraft:crimson_roots":1,"minecraft:diamond_pickaxe":11,"minecraft:crafting_table":10,"minecraft:chicken":1,"minecraft:ladder":7,"minecraft:nether_wart":10,"minecraft:leather_leggings":11,"minecraft:gold_block":20,"minecraft:shield":4,"minecraft:oak_trapdoor":2,"minecraft:red_bed":2,"minecraft:elytra":3,"minecraft:iron_axe":10,"minecraft:netherite_scrap":4,"minecraft:iron_shovel":1,"minecraft:blackstone":93,"minecraft:cracked_stone_bricks":7,"minecraft:netherite_sword":9,"minecraft:beef":54,"minecraft:oak_boat":2,"minecraft:iron_nugget":15,"minecraft:poppy":12,"minecraft:light_gray_wool":1,"minecraft:lectern":154,"minecraft:sugar_cane":26,"minecraft:chest":24,"minecraft:piston":4,"minecraft:lime_wool":66,"minecraft:end_stone":60,"minecraft:stone":2850,"minecraft:oak_door":7,"minecraft:polished_blackstone_bricks":120,"minecraft:stone_button":1,"minecraft:trident":5,"minecraft:carrot":7,"minecraft:redstone":235,"minecraft:netherite_pickaxe":12,"minecraft:arrow":307,"minecraft:diamond_chestplate":6,"minecraft:nether_bricks":16,"minecraft:diamond_boots":6,"minecraft:hay_block":23,"minecraft:saddle":2,"minecraft:gold_ingot":23,"minecraft:mutton":22,"minecraft:bone_block":48,"minecraft:rail":1,"minecraft:white_wool":11,"minecraft:lapis_ore":6,"minecraft:stripped_oak_log":3,"minecraft:netherite_boots":3,"minecraft:basalt":5,"minecraft:crimson_stem":15,"minecraft:salmon":183,"minecraft:leather":48,"minecraft:birch_planks":7,"minecraft:crimson_fungus":1,"minecraft:oak_log":30,"minecraft:ancient_debris":96,"minecraft:golden_boots":3,"minecraft:nether_wart_block":2,"minecraft:gunpowder":38,"minecraft:cooked_mutton":95,"minecraft:stone_bricks":206,"minecraft:kelp":31,"minecraft:iron_ingot":349,"minecraft:iron_ore":227,"minecraft:iron_sword":9,"minecraft:soul_sand":21,"minecraft:book":435,"minecraft:oak_slab":15,"minecraft:nether_quartz_ore":67,"minecraft:red_wool":76,"minecraft:quartz":364,"minecraft:gravel":13,"minecraft:spruce_sapling":7,"minecraft:white_bed":22,"minecraft:gold_ore":8,"minecraft:spider_eye":13,"minecraft:dragon_egg":1,"minecraft:leather_helmet":11,"minecraft:firework_rocket":622,"minecraft:diamond_shovel":2,"minecraft:coal_ore":35,"minecraft:iron_helmet":5,"minecraft:diamond_axe":4,"minecraft:coal":558,"minecraft:hopper":3,"minecraft:ender_pearl":253},"minecraft:custom":{"minecraft:animals_bred":1,"minecraft:interact_with_crafting_table":88,"minecraft:open_shulker_box":141,"minecraft:bell_ring":13,"minecraft:leave_game":28,"minecraft:time_since_death":21941,"minecraft:damage_resisted":1068,"minecraft:sprint_one_cm":1864227,"minecraft:drop":783,"minecraft:talked_to_villager":258,"minecraft:deaths":12,"minecraft:jump":13306,"minecraft:walk_on_water_one_cm":52167,"minecraft:enchant_item":132,"minecraft:interact_with_furnace":51,"minecraft:traded_with_villager":114,"minecraft:interact_with_loom":8,"minecraft:play_one_minute":1037013,"minecraft:sleep_in_bed":44,"minecraft:open_enderchest":54,"minecraft:damage_dealt":79587,"minecraft:interact_with_beacon":41,"minecraft:player_kills":57,"minecraft:crouch_one_cm":175696,"minecraft:interact_with_smoker":9,"minecraft:inspect_dispenser":9,"minecraft:horse_one_cm":1743476,"minecraft:interact_with_smithing_table":12,"minecraft:interact_with_anvil":71,"minecraft:mob_kills":857,"minecraft:inspect_hopper":1,"minecraft:climb_one_cm":7480,"minecraft:walk_one_cm":2247407,"minecraft:damage_dealt_absorbed":24,"minecraft:target_hit":1,"minecraft:sneak_time":50761,"minecraft:walk_under_water_one_cm":259506,"minecraft:boat_one_cm":158558,"minecraft:interact_with_blast_furnace":12,"minecraft:interact_with_grindstone":12,"minecraft:time_since_rest":21974,"minecraft:damage_absorbed":945,"minecraft:damage_taken":12668,"minecraft:trigger_trapped_chest":18,"minecraft:swim_one_cm":195148,"minecraft:fly_one_cm":5917909,"minecraft:open_chest":661,"minecraft:aviate_one_cm":1793844,"minecraft:fall_one_cm":260052},"minecraft:broken":{"minecraft:leather_helmet":1},"minecraft:mined":{"minecraft:white_bed":15,"minecraft:obsidian":7,"minecraft:granite":67,"minecraft:acacia_log":7,"minecraft:grass_block":359,"minecraft:cracked_polished_blackstone_bricks":36,"minecraft:hopper":3,"minecraft:oak_wall_sign":1,"minecraft:nether_wart":10,"minecraft:spawner":4,"minecraft:polished_blackstone_bricks":73,"minecraft:magma_block":6,"minecraft:iron_ore":97,"minecraft:fire":49,"minecraft:anvil":5,"minecraft:fletching_table":13,"minecraft:enchanting_table":2,"minecraft:oak_sign":1,"minecraft:iron_bars":3,"minecraft:iron_block":19,"minecraft:red_bed":1,"minecraft:blackstone":98,"minecraft:crimson_nylium":6,"minecraft:torch":9,"minecraft:chest":10,"minecraft:beacon":3,"minecraft:nether_quartz_ore":201,"minecraft:glass":24,"minecraft:cobblestone":78,"minecraft:oak_planks":257,"minecraft:sugar_cane":8,"minecraft:grindstone":1,"minecraft:iron_door":4,"minecraft:wall_torch":5,"minecraft:nether_wart_block":2,"minecraft:grass":28,"minecraft:acacia_fence":2,"minecraft:sand":4,"minecraft:dirt":625,"minecraft:crimson_planks":6,"minecraft:wither_skeleton_skull":2,"minecraft:ancient_debris":75,"minecraft:netherrack":2333,"minecraft:piston":4,"minecraft:oak_leaves":6,"minecraft:nether_gold_ore":27,"minecraft:diamond_ore":32,"minecraft:end_stone":60,"minecraft:shulker_box":43,"minecraft:nether_bricks":15,"minecraft:ladder":3,"minecraft:crimson_roots":1,"minecraft:crimson_stem":17,"minecraft:hay_block":23,"minecraft:redstone_ore":11,"minecraft:oak_trapdoor":2,"minecraft:furnace":2,"minecraft:andesite":85,"minecraft:gold_block":20,"minecraft:bell":2,"minecraft:nether_brick_fence":2,"minecraft:bookshelf":108,"minecraft:cobblestone_slab":140,"minecraft:rail":1,"minecraft:lantern":1,"minecraft:stone":1927,"minecraft:bone_block":10,"minecraft:ender_chest":14,"minecraft:smithing_table":1,"minecraft:oak_slab":16,"minecraft:redstone_block":3,"minecraft:soul_sand":21,"minecraft:infested_stone_bricks":1,"minecraft:basalt":6,"minecraft:oak_fence":3,"minecraft:crafting_table":8,"minecraft:lectern":153,"minecraft:tall_grass":2,"minecraft:lapis_ore":6,"minecraft:polished_blackstone_brick_stairs":1,"minecraft:diorite":91,"minecraft:birch_planks":4,"minecraft:trapped_chest":2,"minecraft:coal_ore":131,"minecraft:gravel":1,"minecraft:cobweb":2,"minecraft:cracked_stone_bricks":7,"minecraft:acacia_planks":37,"minecraft:stone_bricks":27,"minecraft:mossy_stone_bricks":5,"minecraft:gold_ore":8},"minecraft:dropped":{"minecraft:iron_sword":5,"minecraft:porkchop":6,"minecraft:lapis_lazuli":156,"minecraft:diamond_axe":3,"minecraft:cooked_beef":29,"minecraft:oak_log":10,"minecraft:chorus_fruit":11,"minecraft:ender_pearl":217,"minecraft:glass_bottle":2,"minecraft:diamond":260,"minecraft:crafting_table":2,"minecraft:cooked_porkchop":76,"minecraft:crossbow":1,"minecraft:leather":47,"minecraft:cracked_stone_bricks":1,"minecraft:saddle":3,"minecraft:bedrock":2,"minecraft:elytra":2,"minecraft:rail":1,"minecraft:leather_helmet":8,"minecraft:flint":16,"minecraft:emerald":283,"minecraft:cracked_polished_blackstone_bricks":1,"minecraft:dirt":1780,"minecraft:netherite_scrap":24,"minecraft:polished_blackstone_brick_stairs":1,"minecraft:mutton":15,"minecraft:crimson_roots":1,"minecraft:seagrass":2,"minecraft:netherite_boots":1,"minecraft:gold_nugget":138,"minecraft:bone_block":38,"minecraft:sand":181,"minecraft:iron_pickaxe":8,"minecraft:white_wool":1,"minecraft:birch_log":5,"minecraft:gold_ingot":39,"minecraft:bone":172,"minecraft:gravel":1,"minecraft:crimson_fungus":1,"minecraft:stone_axe":1,"minecraft:sugar_cane":10,"minecraft:ancient_debris":1,"minecraft:iron_nugget":18,"minecraft:golden_chestplate":1,"minecraft:netherite_sword":7,"minecraft:wheat":5,"minecraft:obsidian":15,"minecraft:rotten_flesh":132,"minecraft:enchanted_golden_apple":2,"minecraft:oak_planks":17,"minecraft:netherite_shovel":4,"minecraft:diamond_shovel":2,"minecraft:end_stone":2,"minecraft:glowstone_dust":44,"minecraft:cooked_mutton":26,"minecraft:nether_brick_fence":2,"minecraft:white_bed":1,"minecraft:salmon":247,"minecraft:carrot":5,"minecraft:rabbit_foot":1,"minecraft:endermite_spawn_egg":1,"minecraft:poppy":8,"minecraft:gunpowder":26,"minecraft:coal_ore":17,"minecraft:leather_boots":7,"minecraft:chest":3,"minecraft:ladder":2,"minecraft:leather_leggings":7,"minecraft:iron_ore":85,"minecraft:basalt":3,"minecraft:iron_bars":4,"minecraft:arrow":73,"minecraft:beef":43,"minecraft:ghast_tear":1,"minecraft:quartz":231,"minecraft:acacia_fence":6,"minecraft:netherrack":5,"minecraft:firework_rocket":449,"minecraft:enchanted_book":20,"minecraft:water_bucket":1,"minecraft:golden_boots":2,"minecraft:iron_ingot":138,"minecraft:bread":227,"minecraft:netherite_pickaxe":8,"minecraft:wheat_seeds":7,"minecraft:diamond_leggings":7,"minecraft:netherite_helmet":7,"minecraft:netherite_axe":5,"minecraft:netherite_chestplate":6,"minecraft:oak_fence":2,"minecraft:iron_helmet":1,"minecraft:cobblestone":1887,"minecraft:book":203,"minecraft:granite":134,"minecraft:grass_block":3,"minecraft:coal":259,"minecraft:golden_apple":57,"minecraft:stick":33,"minecraft:diamond_horse_armor":1,"minecraft:diorite":114,"minecraft:nether_gold_ore":8,"minecraft:torch":77,"minecraft:nether_wart_block":2,"minecraft:iron_door":3,"minecraft:lapis_ore":6,"minecraft:diamond_helmet":3,"minecraft:iron_leggings":6,"minecraft:iron_axe":8,"minecraft:cactus":4,"minecraft:string":25,"minecraft:bucket":4,"minecraft:acacia_planks":16,"minecraft:spruce_sapling":7,"minecraft:redstone":9,"minecraft:furnace":1,"minecraft:oak_trapdoor":1,"minecraft:ender_chest":6,"minecraft:stone_sword":5,"minecraft:blaze_rod":6,"minecraft:wither_skeleton_skull":2,"minecraft:light_gray_wool":2,"minecraft:iron_boots":3,"minecraft:stripped_oak_log":1,"minecraft:ender_eye":2,"minecraft:diamond_ore":2,"minecraft:nether_bricks":9,"minecraft:oak_sign":2,"minecraft:netherite_leggings":3,"minecraft:flint_and_steel":1,"minecraft:diamond_sword":12,"minecraft:potato":1,"minecraft:cobblestone_slab":88,"minecraft:stone":540,"minecraft:shield":4,"minecraft:diamond_chestplate":5,"minecraft:iron_chestplate":5,"minecraft:diamond_pickaxe":10,"minecraft:andesite":13,"minecraft:mossy_stone_bricks":8,"minecraft:oak_sapling":8,"minecraft:golden_sword":3,"minecraft:spider_eye":9,"minecraft:stone_bricks":186,"minecraft:diamond_boots":5,"minecraft:beacon":1,"minecraft:bow":14,"minecraft:stone_pickaxe":1,"minecraft:nether_quartz_ore":28,"minecraft:bell":3,"minecraft:magma_block":5,"minecraft:black_wool":1}},"DataVersion":2586}