{"stats":{"minecraft:killed_by":{"minecraft:zombie":5,"minecraft:cave_spider":1,"minecraft:iron_golem":1,"minecraft:skeleton":3},"minecraft:mined":{"minecraft:dragon_wall_head":1,"minecraft:white_bed":69,"minecraft:obsidian":61,"minecraft:granite":64,"minecraft:oak_pressure_plate":2,"minecraft:purpur_slab":1,"minecraft:oxeye_daisy":3,"minecraft:spawner":2,"minecraft:cobbled_deepslate":2,"minecraft:fire":44,"minecraft:fletching_table":2,"minecraft:deepslate_lapis_ore":6,"minecraft:water_cauldron":4,"minecraft:dirt_path":92,"minecraft:oak_stairs":176,"minecraft:tripwire":24,"minecraft:torch":2,"minecraft:melon":29,"minecraft:white_stained_glass_pane":4,"minecraft:sugar_cane":151,"minecraft:damaged_anvil":2,"minecraft:white_terracotta":57,"minecraft:bamboo_planks":30,"minecraft:lilac":4,"minecraft:warped_fungus":1,"minecraft:oak_fence_gate":3,"minecraft:deepslate":63,"minecraft:mossy_cobblestone":12,"minecraft:shulker_box":24,"minecraft:end_stone":5,"minecraft:nether_bricks":28,"minecraft:redstone_ore":8,"minecraft:snow":51,"minecraft:andesite":40,"minecraft:potatoes":1,"minecraft:cobblestone_slab":44,"minecraft:vine":1,"minecraft:rail":276,"minecraft:bamboo_sapling":53,"minecraft:bamboo":1529,"minecraft:cake":1,"minecraft:ender_chest":13,"minecraft:oak_slab":9,"minecraft:glass_pane":10,"minecraft:stone_brick_slab":1,"minecraft:dandelion":50,"minecraft:cornflower":10,"minecraft:short_grass":2082,"minecraft:warped_roots":1,"minecraft:purpur_pillar":2,"minecraft:tall_grass":357,"minecraft:copper_ore":38,"minecraft:deepslate_gold_ore":7,"minecraft:diorite":16,"minecraft:warped_wart_block":4,"minecraft:cobblestone_wall":4,"minecraft:birch_leaves":5,"minecraft:sunflower":56,"minecraft:gravel":74,"minecraft:dripstone_block":11,"minecraft:cobweb":38,"minecraft:stone_bricks":22,"minecraft:fern":6,"minecraft:oak_sapling":2,"minecraft:farmland":25,"minecraft:cobblestone_stairs":3,"minecraft:brewing_stand":2,"minecraft:grass_block":16127,"minecraft:composter":2,"minecraft:smooth_stone":1,"minecraft:glowstone":31,"minecraft:iron_ore":239,"minecraft:dragon_head":1,"minecraft:anvil":1,"minecraft:azure_bluet":6,"minecraft:pointed_dripstone":112,"minecraft:iron_bars":21,"minecraft:end_stone_bricks":6,"minecraft:twisting_vines_plant":2,"minecraft:purpur_stairs":1,"minecraft:poppy":13,"minecraft:chest":14,"minecraft:nether_quartz_ore":20,"minecraft:cobblestone":2980,"minecraft:grindstone":3,"minecraft:oak_planks":67,"minecraft:iron_door":1,"minecraft:wall_torch":5,"minecraft:cauldron":6,"minecraft:warped_nylium":17,"minecraft:birch_log":104,"minecraft:birch_trapdoor":2,"minecraft:purpur_block":13,"minecraft:yellow_stained_glass_pane":5,"minecraft:oak_log":467,"minecraft:sand":68,"minecraft:dirt":22871,"minecraft:tripwire_hook":1,"minecraft:netherrack":1833,"minecraft:ancient_debris":1,"minecraft:oak_leaves":98,"minecraft:nether_gold_ore":26,"minecraft:tuff":12,"minecraft:deepslate_diamond_ore":39,"minecraft:oak_door":2,"minecraft:white_stained_glass":1,"minecraft:birch_slab":2,"minecraft:hay_block":22,"minecraft:oak_trapdoor":2,"minecraft:furnace":15,"minecraft:bookshelf":157,"minecraft:deepslate_iron_ore":115,"minecraft:lantern":19,"minecraft:stripped_oak_log":27,"minecraft:packed_ice":22,"minecraft:stone":9782,"minecraft:white_tulip":1,"minecraft:magenta_stained_glass":1,"minecraft:infested_stone_bricks":6,"minecraft:oak_fence":29,"minecraft:crafting_table":17,"minecraft:rose_bush":2,"minecraft:lectern":2,"minecraft:stone_slab":16,"minecraft:lapis_ore":20,"minecraft:lily_pad":5,"minecraft:birch_planks":4,"minecraft:bamboo_trapdoor":14,"minecraft:bee_nest":5,"minecraft:coal_ore":173,"minecraft:end_rod":3,"minecraft:cracked_stone_bricks":8,"minecraft:mossy_stone_bricks":20},"minecraft:custom":{"minecraft:interact_with_crafting_table":184,"minecraft:open_barrel":31,"minecraft:bell_ring":288,"minecraft:eat_cake_slice":3,"minecraft:leave_game":46,"minecraft:time_since_death":60774,"minecraft:damage_blocked_by_shield":5253,"minecraft:play_time":1871690,"minecraft:deaths":13,"minecraft:jump":24920,"minecraft:enchant_item":79,"minecraft:interact_with_furnace":170,"minecraft:traded_with_villager":11588,"minecraft:sleep_in_bed":62,"minecraft:damage_dealt":92011,"minecraft:use_cauldron":7,"minecraft:interact_with_anvil":164,"minecraft:inspect_hopper":86,"minecraft:sneak_time":50826,"minecraft:interact_with_blast_furnace":49,"minecraft:total_world_time":1871690,"minecraft:time_since_rest":43359,"minecraft:swim_one_cm":260025,"minecraft:fly_one_cm":6143399,"minecraft:open_chest":1229,"minecraft:fish_caught":6,"minecraft:fall_one_cm":474390,"minecraft:open_shulker_box":55,"minecraft:sprint_one_cm":4922964,"minecraft:drop":1028,"minecraft:talked_to_villager":1047,"minecraft:interact_with_brewingstand":3,"minecraft:walk_on_water_one_cm":245272,"minecraft:interact_with_loom":1,"minecraft:open_enderchest":49,"minecraft:crouch_one_cm":188734,"minecraft:mob_kills":609,"minecraft:climb_one_cm":9179,"minecraft:walk_one_cm":6609949,"minecraft:walk_under_water_one_cm":82772,"minecraft:boat_one_cm":20109,"minecraft:interact_with_grindstone":215,"minecraft:damage_taken":17375,"minecraft:aviate_one_cm":5279621},"minecraft:dropped":{"minecraft:iron_sword":2,"minecraft:oak_pressure_plate":4,"minecraft:cooked_beef":4,"minecraft:glass_bottle":1,"minecraft:diamond":1,"minecraft:cooked_porkchop":3,"minecraft:crossbow":1,"minecraft:cookie":144,"minecraft:warped_roots":3,"minecraft:elytra":2,"minecraft:emerald":1805,"minecraft:dirt":596,"minecraft:gold_nugget":61,"minecraft:sunflower":17,"minecraft:sand":4,"minecraft:iron_pickaxe":4,"minecraft:white_wool":102,"minecraft:bone":36,"minecraft:stone_axe":1,"minecraft:emerald_block":115,"minecraft:sugar_cane":72,"minecraft:cooked_chicken":2,"minecraft:cobbled_deepslate":10,"minecraft:wheat":11,"minecraft:obsidian":10,"minecraft:rotten_flesh":123,"minecraft:glowstone_dust":21,"minecraft:blaze_powder":3,"minecraft:azure_bluet":4,"minecraft:coal_ore":40,"minecraft:hopper":3,"minecraft:music_disc_mall":1,"minecraft:egg":9,"minecraft:enchanted_book":13,"minecraft:golden_boots":1,"minecraft:iron_ingot":35,"minecraft:wheat_seeds":217,"minecraft:dripstone_block":7,"minecraft:oak_fence":14,"minecraft:iron_helmet":2,"minecraft:feather":9,"minecraft:cobblestone":217,"minecraft:granite":15,"minecraft:bamboo_block":222,"minecraft:coal":23,"minecraft:golden_apple":1,"minecraft:end_rod":1,"minecraft:oxeye_daisy":5,"minecraft:lava_bucket":2,"minecraft:gray_wool":1,"minecraft:golden_carrot":3,"minecraft:wooden_axe":1,"minecraft:cooked_salmon":1,"minecraft:paper":8,"minecraft:string":4910,"minecraft:lily_pad":2,"minecraft:bamboo_planks":258,"minecraft:diamond_hoe":1,"minecraft:experience_bottle":1,"minecraft:chicken":1,"minecraft:iron_boots":5,"minecraft:stone_slab":5,"minecraft:damaged_anvil":1,"minecraft:diamond_sword":4,"minecraft:cobblestone_slab":5,"minecraft:potato":39,"minecraft:stone":6,"minecraft:diamond_pickaxe":6,"minecraft:wooden_shovel":1,"minecraft:spider_eye":11,"minecraft:stone_bricks":1,"minecraft:bamboo":1,"minecraft:bow":17,"minecraft:bamboo_trapdoor":1,"minecraft:birch_planks":10,"minecraft:diamond_axe":1,"minecraft:warped_fungus":1,"minecraft:oak_log":531,"minecraft:ender_pearl":34,"minecraft:lantern":28,"minecraft:birch_slab":2,"minecraft:flint":1,"minecraft:packed_ice":94,"minecraft:cornflower":8,"minecraft:birch_log":56,"minecraft:gold_ingot":8,"minecraft:gravel":3,"minecraft:beetroot":1,"minecraft:diamond_shovel":3,"minecraft:cooked_mutton":2,"minecraft:carrot":32,"minecraft:poppy":9,"minecraft:gunpowder":4,"minecraft:chest":2,"minecraft:chainmail_boots":1,"minecraft:birch_button":6,"minecraft:arrow":3,"minecraft:oak_leaves":10,"minecraft:netherrack":366,"minecraft:firework_rocket":30,"minecraft:water_bucket":2,"minecraft:bread":1050,"minecraft:lilac":5,"minecraft:grass_block":1,"minecraft:stick":14,"minecraft:nether_gold_ore":2,"minecraft:diorite":14,"minecraft:torch":1,"minecraft:iron_leggings":2,"minecraft:iron_axe":1,"minecraft:bucket":1,"minecraft:dandelion":35,"minecraft:warped_nylium":4,"minecraft:oak_trapdoor":5,"minecraft:ender_chest":3,"minecraft:raw_copper":8,"minecraft:raw_iron":17,"minecraft:shulker_box":1,"minecraft:dragon_egg":2,"minecraft:iron_chestplate":2,"minecraft:cake":3,"minecraft:mossy_stone_bricks":10,"minecraft:oak_sapling":6,"minecraft:golden_sword":1,"minecraft:diamond_boots":3,"minecraft:stone_pickaxe":3,"minecraft:wooden_pickaxe":2},"minecraft:crafted":{"minecraft:smooth_stone":32,"minecraft:oak_pressure_plate":3,"minecraft:blaze_powder":26,"minecraft:birch_slab":12,"minecraft:loom":1,"minecraft:diamond_shovel":5,"minecraft:bookshelf":1,"minecraft:cooked_mutton":10,"minecraft:shulker_box":3,"minecraft:glass":16,"minecraft:diamond_helmet":2,"minecraft:diamond_leggings":1,"minecraft:bamboo_raft":1,"minecraft:furnace_minecart":1,"minecraft:emerald":17023,"minecraft:cooked_porkchop":3,"minecraft:diamond_axe":2,"minecraft:smithing_table":1,"minecraft:fletching_table":1,"minecraft:bamboo_planks":360,"minecraft:lectern":1,"minecraft:stone_slab":24,"minecraft:iron_pickaxe":2,"minecraft:iron_block":15,"minecraft:gold_ingot":12,"minecraft:packed_ice":25,"minecraft:golden_carrot":183,"minecraft:experience_bottle":2612,"minecraft:ender_pearl":80,"minecraft:stone_pickaxe":2,"minecraft:diamond_boots":2,"minecraft:wheat":198,"minecraft:enchanting_table":1,"minecraft:glowstone":471,"minecraft:enchanted_book":47,"minecraft:iron_leggings":2,"minecraft:white_bed":2,"minecraft:grindstone":2,"minecraft:oak_planks":448,"minecraft:cobblestone_slab":48,"minecraft:barrel":2,"minecraft:cooked_chicken":4,"minecraft:stone":37,"minecraft:bamboo_block":1781,"minecraft:cake":9,"minecraft:hopper":9,"minecraft:bow":11,"minecraft:iron_boots":2,"minecraft:chest":79,"minecraft:rail":64,"minecraft:birch_button":3,"minecraft:ender_eye":23,"minecraft:golden_boots":2,"minecraft:arrow":864,"minecraft:cauldron":19,"minecraft:crafting_table":8,"minecraft:wooden_pickaxe":1,"minecraft:iron_helmet":2,"minecraft:birch_planks":232,"minecraft:brewing_stand":1,"minecraft:book":6,"minecraft:iron_chestplate":2,"minecraft:paper":96,"minecraft:diamond_pickaxe":3,"minecraft:emerald_block":627,"minecraft:shield":3,"minecraft:stick":524,"minecraft:iron_ingot":566,"minecraft:stone_sword":1,"minecraft:snow_block":8,"minecraft:shears":1,"minecraft:cookie":144,"minecraft:redstone":132,"minecraft:fishing_rod":1,"minecraft:furnace":8,"minecraft:blast_furnace":5,"minecraft:iron_axe":1,"minecraft:minecart":1,"minecraft:cooked_beef":18,"minecraft:diamond_sword":1,"minecraft:iron_sword":2,"minecraft:cooked_salmon":5,"minecraft:bucket":1,"minecraft:stone_axe":2,"minecraft:bread":1158,"minecraft:air":0,"minecraft:oak_boat":1,"minecraft:white_wool":64,"minecraft:anvil":3,"minecraft:bamboo_trapdoor":14,"minecraft:lapis_lazuli":58,"minecraft:diamond_chestplate":2,"minecraft:firework_rocket":129,"minecraft:ender_chest":8},"minecraft:picked_up":{"minecraft:wooden_axe":1,"minecraft:iron_chestplate":3,"packedup:obsidianbackpack":2,"minecraft:chainmail_boots":1,"minecraft:anvil":1,"minecraft:diamond_sword":16,"minecraft:lead":3,"minecraft:stone_slab":19,"minecraft:oak_stairs":187,"minecraft:enchanted_book":10,"minecraft:birch_button":6,"minecraft:brewing_stand":2,"minecraft:golden_sword":3,"minecraft:string":35966,"minecraft:cooked_salmon":10,"minecraft:beetroot":1,"minecraft:diamond_leggings":4,"minecraft:gold_nugget":114,"minecraft:cobbled_deepslate":60,"minecraft:melon_slice":270,"minecraft:golden_helmet":1,"minecraft:composter":2,"minecraft:purpur_pillar":2,"minecraft:cauldron":10,"minecraft:bamboo_block":15,"minecraft:iron_block":12,"minecraft:glowstone":122,"minecraft:bookshelf":55,"minecraft:end_rod":6,"minecraft:white_terracotta":57,"minecraft:blaze_rod":23,"minecraft:iron_bars":14,"minecraft:snowball":51,"minecraft:birch_log":127,"minecraft:furnace_minecart":16,"minecraft:feather":11,"minecraft:cooked_beef":45,"minecraft:birch_slab":3,"minecraft:iron_door":1,"minecraft:water_bucket":7,"minecraft:flint":11,"minecraft:lantern":48,"minecraft:diamond_helmet":6,"minecraft:glowstone_dust":46,"minecraft:lever":1,"minecraft:granite":72,"minecraft:bread":206,"minecraft:diamond_pickaxe":17,"minecraft:crafting_table":17,"minecraft:bee_nest":5,"minecraft:dragon_head":2,"minecraft:purpur_block":13,"minecraft:cornflower":15,"minecraft:elytra":5,"minecraft:flint_and_steel":1,"minecraft:glass_pane":6,"minecraft:cracked_stone_bricks":16,"minecraft:beef":19,"minecraft:poppy":27,"minecraft:minecart":22,"minecraft:chest":17,"minecraft:birch_sapling":9,"minecraft:diamond_hoe":1,"minecraft:egg":26,"minecraft:copper_ore":35,"minecraft:stone":7894,"minecraft:oak_door":3,"minecraft:fire_charge":1,"minecraft:cake":3,"minecraft:carrot":33,"minecraft:redstone":36,"minecraft:diamond_chestplate":4,"minecraft:shears":1,"minecraft:diamond_boots":5,"minecraft:hay_block":22,"minecraft:purpur_slab":1,"minecraft:gold_ingot":10,"minecraft:mutton":10,"minecraft:rail":284,"minecraft:white_wool":45,"minecraft:oxeye_daisy":6,"minecraft:stripped_oak_log":25,"minecraft:tripwire_hook":1,"minecraft:purpur_stairs":1,"minecraft:oak_log":505,"minecraft:lily_pad":2,"minecraft:ancient_debris":2,"minecraft:golden_boots":4,"minecraft:paper":18,"minecraft:white_banner":1,"minecraft:stone_bricks":25,"minecraft:apple":3,"minecraft:oak_fence_gate":3,"minecraft:stone_pickaxe":3,"minecraft:glass_bottle":38,"minecraft:iron_sword":4,"minecraft:white_stained_glass_pane":4,"minecraft:gravel":62,"minecraft:spruce_sapling":12,"minecraft:dragon_egg":2,"minecraft:diamond_shovel":9,"minecraft:firework_rocket":39,"minecraft:coal_ore":91,"minecraft:bamboo_trapdoor":15,"minecraft:slime_ball":64,"minecraft:stone_axe":2,"minecraft:diamond_axe":3,"minecraft:gray_wool":1,"minecraft:warped_roots":4,"minecraft:baked_potato":1,"minecraft:warped_nylium":4,"minecraft:hopper":3,"minecraft:ender_pearl":55,"minecraft:shulker_shell":7,"minecraft:wheat":11,"minecraft:ender_chest":13,"minecraft:potion":6,"minecraft:stone_brick_stairs":8,"minecraft:raw_copper":12,"minecraft:iron_leggings":2,"minecraft:experience_bottle":1,"minecraft:smooth_stone":1,"minecraft:bucket":2,"minecraft:rose_bush":3,"minecraft:cobblestone_slab":46,"minecraft:ender_eye":3,"minecraft:wooden_shovel":2,"minecraft:iron_pickaxe":6,"minecraft:furnace":15,"minecraft:iron_boots":6,"minecraft:stick":49,"minecraft:birch_trapdoor":2,"minecraft:oak_fence":28,"minecraft:torch":17,"minecraft:porkchop":17,"minecraft:snow_block":8,"minecraft:pointed_dripstone":449,"minecraft:diorite":25,"minecraft:nether_gold_ore":2,"minecraft:rotten_flesh":290,"minecraft:obsidian":142,"minecraft:cod":1,"minecraft:cobblestone":4395,"minecraft:enchanting_table":1,"minecraft:lilac":5,"minecraft:andesite":44,"minecraft:potato":39,"minecraft:tuff":2,"minecraft:lapis_lazuli":231,"minecraft:dirt":36367,"minecraft:bone":90,"minecraft:bow":14,"minecraft:wheat_seeds":571,"minecraft:raw_gold":7,"minecraft:grindstone":3,"minecraft:mossy_stone_bricks":12,"minecraft:fletching_table":2,"minecraft:bamboo":18670,"minecraft:oak_planks":76,"minecraft:cooked_porkchop":30,"minecraft:bamboo_raft":7,"minecraft:oak_pressure_plate":4,"minecraft:sand":60,"minecraft:grass_block":6,"minecraft:shulker_box":24,"minecraft:mossy_cobblestone":12,"minecraft:diamond":72,"minecraft:yellow_stained_glass_pane":5,"minecraft:crossbow":1,"minecraft:golden_apple":1,"minecraft:emerald":718,"minecraft:oak_sapling":22,"minecraft:netherrack":930,"minecraft:oak_leaves":35,"minecraft:end_stone_bricks":6,"minecraft:fishing_rod":2,"minecraft:azure_bluet":8,"minecraft:splash_potion":1,"minecraft:chicken":13,"minecraft:packed_ice":88,"minecraft:wooden_pickaxe":1,"minecraft:shield":7,"minecraft:oak_trapdoor":5,"minecraft:item_frame":1,"minecraft:oak_boat":15,"minecraft:lectern":6,"minecraft:sugar_cane":293,"minecraft:raw_iron":647,"minecraft:end_stone":5,"minecraft:arrow":363,"minecraft:nether_bricks":28,"minecraft:saddle":1,"minecraft:golden_carrot":140,"minecraft:salmon":5,"minecraft:leather":44,"minecraft:birch_planks":98,"minecraft:gunpowder":72,"minecraft:cobblestone_wall":4,"minecraft:cobblestone_stairs":3,"minecraft:cooked_mutton":21,"minecraft:iron_ingot":97,"minecraft:cooked_chicken":9,"minecraft:book":463,"minecraft:tropical_fish_bucket":2,"minecraft:oak_slab":9,"minecraft:bamboo_fence":1,"minecraft:warped_fungus":3,"minecraft:emerald_block":179,"minecraft:birch_boat":3,"minecraft:bamboo_planks":112,"minecraft:pumpkin":5,"minecraft:stone_brick_slab":1,"minecraft:quartz":7,"minecraft:dandelion":77,"minecraft:dripstone_block":17,"minecraft:lava_bucket":2,"minecraft:white_bed":64,"minecraft:spider_eye":40,"minecraft:music_disc_mall":2,"minecraft:iron_helmet":2,"minecraft:damaged_anvil":3,"minecraft:coal":420,"minecraft:sunflower":46},"minecraft:broken":{"minecraft:diamond_shovel":4,"minecraft:iron_sword":1,"minecraft:iron_pickaxe":2,"minecraft:stone_pickaxe":1},"minecraft:used":{"minecraft:poppy":10,"minecraft:elytra":350,"minecraft:chest":75,"minecraft:stone":106,"minecraft:rotten_flesh":2,"minecraft:snowball":19,"minecraft:packed_ice":19,"minecraft:lava_bucket":52,"minecraft:grass_block":3,"minecraft:stone_brick_stairs":4,"minecraft:bow":410,"minecraft:furnace":17,"minecraft:oak_sapling":7,"minecraft:egg":4,"minecraft:dragon_head":2,"minecraft:damaged_anvil":2,"minecraft:mossy_stone_bricks":1,"minecraft:diorite":6,"minecraft:end_stone_bricks":6,"minecraft:wooden_pickaxe":6,"minecraft:composter":2,"minecraft:purpur_pillar":2,"minecraft:oak_leaves":25,"minecraft:purpur_stairs":1,"minecraft:blast_furnace":5,"minecraft:birch_slab":2,"minecraft:lectern":7,"minecraft:oak_pressure_plate":3,"minecraft:diamond_sword":3223,"minecraft:fire_charge":1,"minecraft:smithing_table":1,"minecraft:birch_log":3,"minecraft:oak_boat":15,"minecraft:enchanting_table":2,"minecraft:stone_sword":6,"minecraft:cooked_salmon":4,"minecraft:netherrack":185,"minecraft:torch":1,"minecraft:brewing_stand":3,"minecraft:anvil":4,"minecraft:bamboo_fence":1,"minecraft:iron_axe":10,"minecraft:barrel":1,"minecraft:bamboo":3321,"minecraft:diamond_chestplate":351,"minecraft:tripwire_hook":1,"minecraft:glowstone":447,"minecraft:goat_horn":4,"minecraft:cobbled_deepslate":17,"minecraft:pointed_dripstone":24,"minecraft:water_bucket":194,"minecraft:birch_planks":17,"minecraft:cauldron":33,"minecraft:fletching_table":3,"minecraft:rail":201,"minecraft:crafting_table":25,"minecraft:white_bed":60,"minecraft:cake":9,"minecraft:oak_log":11,"minecraft:ender_eye":16,"minecraft:diamond_pickaxe":15827,"minecraft:cornflower":1,"minecraft:diamond_shovel":39594,"minecraft:iron_pickaxe":513,"minecraft:cobblestone":882,"minecraft:potion":1,"minecraft:cooked_porkchop":5,"minecraft:diamond_leggings":3,"minecraft:shield":105,"minecraft:iron_sword":242,"minecraft:iron_chestplate":1,"minecraft:nether_bricks":5,"minecraft:furnace_minecart":16,"minecraft:tuff":2,"minecraft:milk_bucket":1,"minecraft:obsidian":24,"minecraft:coal_ore":6,"minecraft:lantern":104,"minecraft:iron_helmet":1,"minecraft:stone_bricks":6,"minecraft:item_frame":1,"minecraft:birch_button":3,"minecraft:birch_trapdoor":2,"minecraft:golden_sword":38,"minecraft:warped_fungus":1,"minecraft:bamboo_trapdoor":27,"minecraft:end_rod":2,"minecraft:diamond_boots":6,"minecraft:stone_pickaxe":184,"minecraft:oak_planks":25,"minecraft:ender_pearl":16,"minecraft:sugar_cane":50,"minecraft:diamond_axe":1043,"minecraft:loom":1,"minecraft:crossbow":1,"minecraft:shears":43,"minecraft:lever":1,"minecraft:firework_rocket":88,"minecraft:bread":56,"minecraft:melon_slice":25,"minecraft:string":68,"minecraft:grindstone":5,"minecraft:andesite":2,"minecraft:experience_bottle":2614,"minecraft:oak_fence":8,"minecraft:purpur_block":12,"minecraft:rose_bush":3,"minecraft:flint_and_steel":5,"minecraft:ender_chest":16,"minecraft:cooked_chicken":3,"minecraft:dirt":17148,"minecraft:hopper":9,"minecraft:diamond_helmet":3,"minecraft:shulker_box":23,"minecraft:bee_nest":5,"minecraft:salmon_bucket":3,"minecraft:granite":43,"minecraft:stone_brick_slab":1,"minecraft:bamboo_raft":8,"minecraft:bookshelf":50,"minecraft:iron_boots":2,"minecraft:golden_carrot":213,"minecraft:minecart":23,"minecraft:cooked_beef":16,"minecraft:bamboo_planks":62,"minecraft:iron_leggings":1,"minecraft:cooked_mutton":6,"minecraft:birch_boat":1,"minecraft:cobblestone_slab":89,"minecraft:warped_roots":1,"minecraft:stone_slab":19,"minecraft:stone_axe":145,"minecraft:fishing_rod":17,"minecraft:white_banner":1,"minecraft:bucket":253,"minecraft:splash_potion":1},"minecraft:killed":{"minecraft:cave_spider":6,"minecraft:shulker":11,"minecraft:skeleton":65,"minecraft:chicken":13,"minecraft:iron_golem":14,"minecraft:ender_dragon":1,"minecraft:pillager":12,"minecraft:zombie":179,"minecraft:cow":15,"minecraft:wandering_trader":1,"minecraft:enderman":14,"minecraft:witch":5,"minecraft:spider":55,"minecraft:silverfish":3,"minecraft:piglin":1,"minecraft:pig":15,"minecraft:zombie_villager":1,"minecraft:creeper":60,"minecraft:sheep":6,"minecraft:trader_llama":2,"minecraft:blaze":23,"minecraft:slime":35,"minecraft:wither_skeleton":2}},"DataVersion":3700}