{"stats":{"minecraft:killed_by":{"minecraft:cave_spider":1,"minecraft:zombie":2,"minecraft:iron_golem":1,"minecraft:skeleton":3},"minecraft:broken":{"minecraft:stone_pickaxe":1,"minecraft:diamond_shovel":4,"minecraft:iron_sword":1,"minecraft:iron_pickaxe":2},"minecraft:dropped":{"minecraft:bamboo_trapdoor":1,"minecraft:iron_sword":2,"minecraft:cooked_beef":4,"minecraft:birch_planks":10,"minecraft:diamond_axe":1,"minecraft:oak_pressure_plate":4,"minecraft:warped_fungus":1,"minecraft:oak_log":531,"minecraft:ender_pearl":34,"minecraft:diamond":1,"minecraft:cooked_porkchop":3,"minecraft:crossbow":1,"minecraft:cookie":144,"minecraft:warped_roots":3,"minecraft:lantern":28,"minecraft:elytra":2,"minecraft:birch_slab":2,"minecraft:emerald":1805,"minecraft:flint":1,"minecraft:dirt":596,"minecraft:packed_ice":94,"minecraft:cornflower":8,"minecraft:gold_nugget":61,"minecraft:sunflower":17,"minecraft:sand":2,"minecraft:iron_pickaxe":4,"minecraft:birch_log":56,"minecraft:white_wool":102,"minecraft:bone":33,"minecraft:gold_ingot":8,"minecraft:gravel":2,"minecraft:stone_axe":1,"minecraft:emerald_block":115,"minecraft:sugar_cane":72,"minecraft:cooked_chicken":2,"minecraft:cobbled_deepslate":10,"minecraft:wheat":11,"minecraft:obsidian":10,"minecraft:beetroot":1,"minecraft:rotten_flesh":115,"minecraft:diamond_shovel":3,"minecraft:glowstone_dust":21,"minecraft:blaze_powder":3,"minecraft:cooked_mutton":2,"minecraft:azure_bluet":4,"minecraft:carrot":32,"minecraft:poppy":9,"minecraft:gunpowder":4,"minecraft:coal_ore":38,"minecraft:music_disc_mall":1,"minecraft:hopper":3,"minecraft:chainmail_boots":1,"minecraft:chest":2,"minecraft:birch_button":6,"minecraft:arrow":3,"minecraft:oak_leaves":10,"minecraft:netherrack":366,"minecraft:egg":7,"minecraft:firework_rocket":30,"minecraft:water_bucket":2,"minecraft:enchanted_book":13,"minecraft:golden_boots":1,"minecraft:iron_ingot":35,"minecraft:bread":1050,"minecraft:wheat_seeds":216,"minecraft:lilac":5,"minecraft:dripstone_block":7,"minecraft:oak_fence":14,"minecraft:feather":9,"minecraft:iron_helmet":2,"minecraft:cobblestone":205,"minecraft:granite":15,"minecraft:bamboo_block":222,"minecraft:grass_block":1,"minecraft:coal":23,"minecraft:golden_apple":1,"minecraft:stick":14,"minecraft:oxeye_daisy":5,"minecraft:lava_bucket":2,"minecraft:gray_wool":1,"minecraft:diorite":14,"minecraft:nether_gold_ore":2,"minecraft:golden_carrot":3,"minecraft:torch":1,"minecraft:wooden_axe":1,"minecraft:cooked_salmon":1,"minecraft:iron_leggings":2,"minecraft:iron_axe":1,"minecraft:paper":8,"minecraft:string":4895,"minecraft:bucket":1,"minecraft:dandelion":35,"minecraft:bamboo_planks":258,"minecraft:warped_nylium":4,"minecraft:oak_trapdoor":5,"minecraft:ender_chest":3,"minecraft:raw_copper":8,"minecraft:diamond_hoe":1,"minecraft:raw_iron":17,"minecraft:experience_bottle":1,"minecraft:chicken":1,"minecraft:iron_boots":5,"minecraft:stone_slab":5,"minecraft:damaged_anvil":1,"minecraft:shulker_box":1,"minecraft:diamond_sword":4,"minecraft:potato":39,"minecraft:cobblestone_slab":5,"minecraft:stone":6,"minecraft:diamond_pickaxe":6,"minecraft:dragon_egg":2,"minecraft:iron_chestplate":2,"minecraft:cake":3,"minecraft:mossy_stone_bricks":10,"minecraft:oak_sapling":6,"minecraft:wooden_shovel":1,"minecraft:golden_sword":1,"minecraft:stone_bricks":1,"minecraft:spider_eye":9,"minecraft:bamboo":1,"minecraft:diamond_boots":3,"minecraft:bow":16,"minecraft:stone_pickaxe":3,"minecraft:wooden_pickaxe":2},"minecraft:picked_up":{"minecraft:shulker_shell":7,"packedup:obsidianbackpack":1,"minecraft:iron_chestplate":3,"minecraft:wheat":11,"minecraft:chainmail_boots":1,"minecraft:ender_chest":13,"minecraft:anvil":1,"minecraft:stone_slab":19,"minecraft:lead":3,"minecraft:diamond_sword":14,"minecraft:oak_stairs":187,"minecraft:enchanted_book":10,"minecraft:potion":6,"minecraft:birch_button":6,"minecraft:stone_brick_stairs":8,"minecraft:brewing_stand":2,"minecraft:golden_sword":3,"minecraft:string":35962,"minecraft:raw_copper":12,"minecraft:cooked_salmon":10,"minecraft:iron_leggings":2,"minecraft:experience_bottle":1,"minecraft:beetroot":1,"minecraft:diamond_leggings":3,"minecraft:smooth_stone":1,"minecraft:gold_nugget":114,"minecraft:cobbled_deepslate":60,"minecraft:bucket":2,"minecraft:rose_bush":3,"minecraft:cobblestone_slab":46,"minecraft:wooden_shovel":2,"minecraft:ender_eye":3,"minecraft:iron_pickaxe":6,"minecraft:melon_slice":270,"minecraft:iron_boots":6,"minecraft:furnace":15,"minecraft:golden_helmet":1,"minecraft:stick":49,"minecraft:composter":2,"minecraft:birch_trapdoor":2,"minecraft:oak_fence":20,"minecraft:torch":17,"minecraft:purpur_pillar":1,"minecraft:porkchop":17,"minecraft:pointed_dripstone":449,"minecraft:diorite":25,"minecraft:cauldron":10,"minecraft:bamboo_block":15,"minecraft:nether_gold_ore":2,"minecraft:rotten_flesh":270,"minecraft:iron_block":12,"minecraft:glowstone":5,"minecraft:bookshelf":55,"minecraft:end_rod":3,"minecraft:white_terracotta":57,"minecraft:blaze_rod":23,"minecraft:obsidian":142,"minecraft:iron_bars":14,"minecraft:cod":1,"minecraft:cobblestone":4371,"minecraft:furnace_minecart":16,"minecraft:birch_log":127,"minecraft:enchanting_table":1,"minecraft:lilac":5,"minecraft:feather":11,"minecraft:cooked_beef":29,"minecraft:andesite":44,"minecraft:iron_door":1,"minecraft:water_bucket":6,"minecraft:birch_slab":3,"minecraft:potato":39,"minecraft:flint":11,"minecraft:tuff":2,"minecraft:lapis_lazuli":231,"minecraft:dirt":36225,"minecraft:lantern":48,"minecraft:bone":83,"minecraft:bow":11,"minecraft:wheat_seeds":570,"minecraft:raw_gold":7,"minecraft:grindstone":3,"minecraft:diamond_helmet":3,"minecraft:mossy_stone_bricks":12,"minecraft:bamboo":18666,"minecraft:fletching_table":2,"minecraft:glowstone_dust":46,"minecraft:oak_planks":75,"minecraft:cooked_porkchop":21,"minecraft:oak_pressure_plate":4,"minecraft:sand":58,"minecraft:bamboo_raft":7,"minecraft:grass_block":5,"minecraft:shulker_box":24,"minecraft:mossy_cobblestone":12,"minecraft:diamond":72,"minecraft:lever":1,"minecraft:yellow_stained_glass_pane":5,"minecraft:crossbow":1,"minecraft:granite":72,"minecraft:golden_apple":1,"minecraft:bread":206,"minecraft:emerald":718,"minecraft:oak_sapling":19,"minecraft:netherrack":923,"minecraft:oak_leaves":35,"minecraft:diamond_pickaxe":15,"minecraft:fishing_rod":2,"minecraft:crafting_table":17,"minecraft:bee_nest":5,"minecraft:azure_bluet":8,"minecraft:splash_potion":1,"minecraft:chicken":13,"minecraft:packed_ice":88,"minecraft:wooden_pickaxe":1,"minecraft:dragon_head":2,"minecraft:purpur_block":9,"minecraft:shield":6,"minecraft:cornflower":15,"minecraft:oak_trapdoor":5,"minecraft:elytra":3,"minecraft:flint_and_steel":1,"minecraft:item_frame":1,"minecraft:glass_pane":6,"minecraft:cracked_stone_bricks":16,"minecraft:beef":19,"minecraft:oak_boat":15,"minecraft:poppy":27,"minecraft:lectern":6,"minecraft:minecart":22,"minecraft:sugar_cane":293,"minecraft:chest":17,"minecraft:birch_sapling":9,"minecraft:diamond_hoe":1,"minecraft:copper_ore":35,"minecraft:egg":24,"minecraft:raw_iron":647,"minecraft:end_stone":5,"minecraft:stone":7761,"minecraft:oak_door":3,"minecraft:fire_charge":1,"minecraft:cake":3,"minecraft:carrot":33,"minecraft:redstone":36,"minecraft:arrow":352,"minecraft:diamond_chestplate":3,"minecraft:nether_bricks":28,"minecraft:shears":1,"minecraft:diamond_boots":4,"minecraft:purpur_slab":1,"minecraft:hay_block":22,"minecraft:gold_ingot":10,"minecraft:mutton":10,"minecraft:white_wool":45,"minecraft:rail":284,"minecraft:oxeye_daisy":6,"minecraft:stripped_oak_log":25,"minecraft:golden_carrot":121,"minecraft:tripwire_hook":1,"minecraft:salmon":5,"minecraft:leather":30,"minecraft:birch_planks":98,"minecraft:purpur_stairs":1,"minecraft:oak_log":505,"minecraft:ancient_debris":2,"minecraft:golden_boots":4,"minecraft:cobblestone_wall":4,"minecraft:gunpowder":66,"minecraft:cobblestone_stairs":3,"minecraft:paper":8,"minecraft:white_banner":1,"minecraft:cooked_mutton":21,"minecraft:apple":3,"minecraft:stone_bricks":25,"minecraft:iron_ingot":97,"minecraft:oak_fence_gate":3,"minecraft:stone_pickaxe":3,"minecraft:cooked_chicken":9,"minecraft:glass_bottle":38,"minecraft:iron_sword":4,"minecraft:book":463,"minecraft:tropical_fish_bucket":2,"minecraft:oak_slab":9,"minecraft:warped_fungus":3,"minecraft:white_stained_glass_pane":4,"minecraft:emerald_block":115,"minecraft:bamboo_fence":1,"minecraft:bamboo_planks":112,"minecraft:birch_boat":3,"minecraft:pumpkin":5,"minecraft:stone_brick_slab":1,"minecraft:quartz":7,"minecraft:dandelion":77,"minecraft:dripstone_block":17,"minecraft:gravel":61,"minecraft:lava_bucket":2,"minecraft:spruce_sapling":12,"minecraft:white_bed":64,"minecraft:spider_eye":38,"minecraft:dragon_egg":2,"minecraft:music_disc_mall":2,"minecraft:diamond_shovel":8,"minecraft:coal_ore":87,"minecraft:bamboo_trapdoor":15,"minecraft:stone_axe":2,"minecraft:iron_helmet":2,"minecraft:diamond_axe":3,"minecraft:gray_wool":1,"minecraft:warped_roots":4,"minecraft:baked_potato":1,"minecraft:damaged_anvil":3,"minecraft:wooden_axe":1,"minecraft:warped_nylium":4,"minecraft:coal":420,"minecraft:hopper":3,"minecraft:sunflower":46,"minecraft:ender_pearl":47},"minecraft:mined":{"minecraft:dragon_wall_head":1,"minecraft:oak_sapling":2,"minecraft:white_bed":69,"minecraft:farmland":25,"minecraft:cobblestone_stairs":3,"minecraft:brewing_stand":2,"minecraft:obsidian":61,"minecraft:granite":64,"minecraft:grass_block":15942,"minecraft:oak_pressure_plate":2,"minecraft:purpur_slab":1,"minecraft:composter":2,"minecraft:oxeye_daisy":3,"minecraft:spawner":2,"minecraft:smooth_stone":1,"minecraft:glowstone":14,"minecraft:iron_ore":239,"minecraft:fire":37,"minecraft:cobbled_deepslate":2,"minecraft:dragon_head":1,"minecraft:anvil":1,"minecraft:deepslate_lapis_ore":6,"minecraft:fletching_table":2,"minecraft:azure_bluet":6,"minecraft:pointed_dripstone":112,"minecraft:water_cauldron":4,"minecraft:dirt_path":90,"minecraft:iron_bars":21,"minecraft:oak_stairs":176,"minecraft:tripwire":24,"minecraft:twisting_vines_plant":2,"minecraft:purpur_stairs":1,"minecraft:torch":2,"minecraft:poppy":13,"minecraft:melon":29,"minecraft:chest":14,"minecraft:white_stained_glass_pane":4,"minecraft:cobblestone":2980,"minecraft:nether_quartz_ore":20,"minecraft:damaged_anvil":2,"minecraft:oak_planks":66,"minecraft:sugar_cane":151,"minecraft:grindstone":3,"minecraft:iron_door":1,"minecraft:wall_torch":5,"minecraft:cauldron":6,"minecraft:white_terracotta":57,"minecraft:warped_nylium":17,"minecraft:bamboo_planks":30,"minecraft:birch_trapdoor":2,"minecraft:birch_log":104,"minecraft:lilac":4,"minecraft:warped_fungus":1,"minecraft:purpur_block":9,"minecraft:yellow_stained_glass_pane":5,"minecraft:oak_log":467,"minecraft:oak_fence_gate":3,"minecraft:sand":66,"minecraft:dirt":22870,"minecraft:tripwire_hook":1,"minecraft:ancient_debris":1,"minecraft:netherrack":1827,"minecraft:oak_leaves":98,"minecraft:deepslate":63,"minecraft:nether_gold_ore":26,"minecraft:tuff":12,"minecraft:mossy_cobblestone":12,"minecraft:deepslate_diamond_ore":39,"minecraft:oak_door":2,"minecraft:end_stone":5,"minecraft:shulker_box":24,"minecraft:nether_bricks":28,"minecraft:white_stained_glass":1,"minecraft:birch_slab":2,"minecraft:hay_block":22,"minecraft:redstone_ore":8,"minecraft:oak_trapdoor":2,"minecraft:furnace":15,"minecraft:andesite":40,"minecraft:bookshelf":157,"minecraft:potatoes":1,"minecraft:cobblestone_slab":44,"minecraft:deepslate_iron_ore":115,"minecraft:vine":1,"minecraft:rail":276,"minecraft:lantern":19,"minecraft:stripped_oak_log":27,"minecraft:packed_ice":22,"minecraft:bamboo_sapling":53,"minecraft:bamboo":1528,"minecraft:white_tulip":1,"minecraft:stone":9651,"minecraft:cake":1,"minecraft:ender_chest":13,"minecraft:oak_slab":9,"minecraft:glass_pane":10,"minecraft:infested_stone_bricks":6,"minecraft:stone_brick_slab":1,"minecraft:dandelion":50,"minecraft:oak_fence":21,"minecraft:crafting_table":17,"minecraft:cornflower":10,"minecraft:short_grass":2065,"minecraft:warped_roots":1,"minecraft:rose_bush":2,"minecraft:lectern":2,"minecraft:stone_slab":16,"minecraft:copper_ore":38,"minecraft:tall_grass":356,"minecraft:purpur_pillar":1,"minecraft:lapis_ore":20,"minecraft:deepslate_gold_ore":7,"minecraft:diorite":16,"minecraft:warped_wart_block":4,"minecraft:birch_planks":4,"minecraft:bamboo_trapdoor":14,"minecraft:cobblestone_wall":4,"minecraft:birch_leaves":5,"minecraft:bee_nest":5,"minecraft:coal_ore":170,"minecraft:end_rod":2,"minecraft:gravel":73,"minecraft:sunflower":56,"minecraft:dripstone_block":11,"minecraft:cobweb":38,"minecraft:cracked_stone_bricks":8,"minecraft:stone_bricks":22,"minecraft:mossy_stone_bricks":20,"minecraft:fern":6},"minecraft:custom":{"minecraft:interact_with_crafting_table":180,"minecraft:open_barrel":31,"minecraft:open_shulker_box":55,"minecraft:bell_ring":288,"minecraft:eat_cake_slice":3,"minecraft:leave_game":42,"minecraft:time_since_death":858528,"minecraft:sprint_one_cm":4667570,"minecraft:damage_blocked_by_shield":4938,"minecraft:drop":1012,"minecraft:talked_to_villager":1042,"minecraft:play_time":1758879,"minecraft:deaths":10,"minecraft:jump":23823,"minecraft:interact_with_brewingstand":1,"minecraft:walk_on_water_one_cm":239291,"minecraft:enchant_item":79,"minecraft:interact_with_furnace":170,"minecraft:traded_with_villager":11060,"minecraft:interact_with_loom":1,"minecraft:sleep_in_bed":61,"minecraft:open_enderchest":48,"minecraft:damage_dealt":87130,"minecraft:crouch_one_cm":186767,"minecraft:use_cauldron":7,"minecraft:interact_with_anvil":164,"minecraft:mob_kills":536,"minecraft:inspect_hopper":85,"minecraft:climb_one_cm":6549,"minecraft:walk_one_cm":6264573,"minecraft:sneak_time":50053,"minecraft:walk_under_water_one_cm":79588,"minecraft:boat_one_cm":20109,"minecraft:interact_with_blast_furnace":49,"minecraft:total_world_time":1758879,"minecraft:interact_with_grindstone":215,"minecraft:time_since_rest":25615,"minecraft:damage_taken":15785,"minecraft:swim_one_cm":260025,"minecraft:fly_one_cm":5538493,"minecraft:open_chest":1148,"minecraft:aviate_one_cm":3438462,"minecraft:fall_one_cm":456560,"minecraft:fish_caught":6},"minecraft:crafted":{"minecraft:grindstone":2,"minecraft:smooth_stone":32,"minecraft:oak_planks":448,"minecraft:cobblestone_slab":48,"minecraft:barrel":2,"minecraft:blaze_powder":26,"minecraft:oak_pressure_plate":3,"minecraft:cooked_chicken":4,"minecraft:birch_slab":12,"minecraft:loom":1,"minecraft:stone":37,"minecraft:diamond_shovel":5,"minecraft:bookshelf":1,"minecraft:shulker_box":3,"minecraft:cooked_mutton":10,"minecraft:bamboo_block":1528,"minecraft:cake":9,"minecraft:glass":16,"minecraft:hopper":9,"minecraft:diamond_helmet":2,"minecraft:bow":11,"minecraft:diamond_leggings":1,"minecraft:iron_boots":2,"minecraft:chest":79,"minecraft:rail":64,"minecraft:birch_button":3,"minecraft:ender_eye":23,"minecraft:golden_boots":2,"minecraft:bamboo_raft":1,"minecraft:furnace_minecart":1,"minecraft:arrow":864,"minecraft:emerald":15295,"minecraft:cauldron":19,"minecraft:cooked_porkchop":3,"minecraft:diamond_axe":2,"minecraft:crafting_table":8,"minecraft:wooden_pickaxe":1,"minecraft:iron_helmet":2,"minecraft:smithing_table":1,"minecraft:fletching_table":1,"minecraft:brewing_stand":1,"minecraft:birch_planks":232,"minecraft:bamboo_planks":360,"minecraft:lectern":1,"minecraft:iron_chestplate":2,"minecraft:book":6,"minecraft:paper":96,"minecraft:diamond_pickaxe":3,"minecraft:emerald_block":627,"minecraft:shield":3,"minecraft:stick":524,"minecraft:stone_slab":24,"minecraft:iron_ingot":566,"minecraft:iron_pickaxe":2,"minecraft:iron_block":15,"minecraft:stone_sword":1,"minecraft:gold_ingot":12,"minecraft:shears":1,"minecraft:packed_ice":25,"minecraft:golden_carrot":183,"minecraft:cookie":144,"minecraft:redstone":132,"minecraft:fishing_rod":1,"minecraft:experience_bottle":2420,"minecraft:furnace":8,"minecraft:blast_furnace":5,"minecraft:iron_axe":1,"minecraft:ender_pearl":80,"minecraft:stone_pickaxe":2,"minecraft:diamond_boots":2,"minecraft:minecart":1,"minecraft:wheat":198,"minecraft:cooked_beef":18,"minecraft:diamond_sword":1,"minecraft:enchanting_table":1,"minecraft:iron_sword":2,"minecraft:cooked_salmon":5,"minecraft:bucket":1,"minecraft:stone_axe":2,"minecraft:glowstone":135,"minecraft:enchanted_book":47,"minecraft:bread":1158,"minecraft:air":0,"minecraft:oak_boat":1,"minecraft:white_wool":64,"minecraft:iron_leggings":2,"minecraft:anvil":3,"minecraft:white_bed":2,"minecraft:bamboo_trapdoor":14,"minecraft:lapis_lazuli":58,"minecraft:ender_chest":8,"minecraft:firework_rocket":123,"minecraft:diamond_chestplate":2},"minecraft:killed":{"minecraft:cave_spider":6,"minecraft:witch":5,"minecraft:spider":50,"minecraft:shulker":10,"minecraft:skeleton":61,"minecraft:chicken":12,"minecraft:silverfish":3,"minecraft:piglin":1,"minecraft:pig":14,"minecraft:zombie_villager":1,"minecraft:iron_golem":14,"minecraft:ender_dragon":1,"minecraft:creeper":57,"minecraft:sheep":6,"minecraft:trader_llama":2,"minecraft:pillager":12,"minecraft:zombie":169,"minecraft:blaze":23,"minecraft:cow":12,"minecraft:wandering_trader":1,"minecraft:wither_skeleton":2,"minecraft:enderman":14},"minecraft:used":{"minecraft:elytra":291,"minecraft:poppy":10,"minecraft:chest":75,"minecraft:shield":100,"minecraft:iron_sword":242,"minecraft:stone":104,"minecraft:rotten_flesh":2,"minecraft:iron_chestplate":1,"minecraft:nether_bricks":5,"minecraft:furnace_minecart":16,"minecraft:tuff":2,"minecraft:obsidian":24,"minecraft:milk_bucket":1,"minecraft:packed_ice":19,"minecraft:grass_block":3,"minecraft:lava_bucket":52,"minecraft:coal_ore":6,"minecraft:lantern":104,"minecraft:iron_helmet":1,"minecraft:stone_brick_stairs":4,"minecraft:stone_bricks":6,"minecraft:golden_sword":38,"minecraft:item_frame":1,"minecraft:birch_trapdoor":2,"minecraft:birch_button":3,"minecraft:bow":387,"minecraft:warped_fungus":1,"minecraft:oak_sapling":7,"minecraft:furnace":17,"minecraft:egg":4,"minecraft:dragon_head":2,"minecraft:damaged_anvil":2,"minecraft:diorite":6,"minecraft:bamboo_trapdoor":27,"minecraft:diamond_boots":6,"minecraft:mossy_stone_bricks":1,"minecraft:end_rod":2,"minecraft:stone_pickaxe":184,"minecraft:oak_planks":25,"minecraft:ender_pearl":16,"minecraft:wooden_pickaxe":6,"minecraft:sugar_cane":50,"minecraft:diamond_axe":1043,"minecraft:composter":2,"minecraft:purpur_pillar":1,"minecraft:oak_leaves":25,"minecraft:purpur_stairs":1,"minecraft:loom":1,"minecraft:blast_furnace":5,"minecraft:crossbow":1,"minecraft:shears":43,"minecraft:lever":1,"minecraft:firework_rocket":69,"minecraft:melon_slice":25,"minecraft:birch_slab":2,"minecraft:string":68,"minecraft:bread":56,"minecraft:lectern":7,"minecraft:oak_pressure_plate":3,"minecraft:diamond_sword":3113,"minecraft:fire_charge":1,"minecraft:grindstone":5,"minecraft:smithing_table":1,"minecraft:andesite":2,"minecraft:birch_log":3,"minecraft:purpur_block":8,"minecraft:oak_boat":15,"minecraft:experience_bottle":2422,"minecraft:rose_bush":3,"minecraft:enchanting_table":2,"minecraft:stone_sword":6,"minecraft:flint_and_steel":5,"minecraft:ender_chest":16,"minecraft:cooked_salmon":4,"minecraft:cooked_chicken":3,"minecraft:netherrack":185,"minecraft:torch":1,"minecraft:brewing_stand":3,"minecraft:dirt":17072,"minecraft:anvil":4,"minecraft:hopper":9,"minecraft:diamond_helmet":2,"minecraft:shulker_box":23,"minecraft:salmon_bucket":3,"minecraft:bee_nest":5,"minecraft:granite":43,"minecraft:stone_brick_slab":1,"minecraft:bamboo_raft":8,"minecraft:bamboo_fence":1,"minecraft:bookshelf":50,"minecraft:iron_axe":10,"minecraft:iron_boots":2,"minecraft:barrel":1,"minecraft:bamboo":3321,"minecraft:diamond_chestplate":290,"minecraft:tripwire_hook":1,"minecraft:glowstone":118,"minecraft:golden_carrot":201,"minecraft:goat_horn":4,"minecraft:minecart":23,"minecraft:pointed_dripstone":24,"minecraft:cooked_beef":16,"minecraft:bamboo_planks":62,"minecraft:cobbled_deepslate":17,"minecraft:iron_leggings":1,"minecraft:cooked_mutton":6,"minecraft:water_bucket":192,"minecraft:birch_planks":17,"minecraft:birch_boat":1,"minecraft:cauldron":33,"minecraft:fletching_table":3,"minecraft:cobblestone_slab":89,"minecraft:warped_roots":1,"minecraft:rail":201,"minecraft:crafting_table":25,"minecraft:white_bed":60,"minecraft:cornflower":1,"minecraft:cake":9,"minecraft:diamond_pickaxe":15655,"minecraft:ender_eye":16,"minecraft:oak_log":11,"minecraft:diamond_shovel":39536,"minecraft:iron_pickaxe":513,"minecraft:stone_slab":19,"minecraft:stone_axe":145,"minecraft:fishing_rod":17,"minecraft:cobblestone":877,"minecraft:white_banner":1,"minecraft:cooked_porkchop":4,"minecraft:bucket":251,"minecraft:diamond_leggings":3,"minecraft:splash_potion":1}},"DataVersion":3700}