{"stats":{"minecraft:killed_by":{"minecraft:player":1},"minecraft:picked_up":{"minecraft:wheat_seeds":8,"minecraft:fire_charge":1,"minecraft:iron_ingot":4,"minecraft:oak_log":1,"minecraft:emerald":5,"minecraft:iron_nugget":9,"minecraft:lapis_lazuli":3,"minecraft:cod":1,"minecraft:sunflower":16},"minecraft:used":{"minecraft:oak_log":1,"minecraft:sunflower":8,"minecraft:light_weighted_pressure_plate":1,"minecraft:obsidian":2,"minecraft:golden_boots":1},"minecraft:custom":{"minecraft:open_chest":16,"minecraft:time_since_rest":3153,"minecraft:crouch_one_cm":553,"minecraft:walk_one_cm":16730,"minecraft:play_time":10491,"minecraft:sprint_one_cm":24378,"minecraft:damage_taken":602,"minecraft:deaths":2,"minecraft:sneak_time":186,"minecraft:walk_under_water_one_cm":8400,"minecraft:drop":6,"minecraft:jump":347,"minecraft:damage_dealt":919,"minecraft:leave_game":1,"minecraft:walk_on_water_one_cm":2695,"minecraft:time_since_death":3123,"minecraft:total_world_time":10491,"minecraft:swim_one_cm":15786,"minecraft:fall_one_cm":9596,"minecraft:fly_one_cm":56533,"minecraft:player_kills":4},"minecraft:mined":{"minecraft:seagrass":2,"minecraft:short_grass":19,"minecraft:tall_seagrass":1,"minecraft:oak_log":1,"minecraft:sunflower":5,"minecraft:oak_leaves":1},"minecraft:dropped":{"minecraft:sunflower":8,"minecraft:wheat_seeds":7}},"DataVersion":3700}