{"stats":{"minecraft:killed_by":{"minecraft:player":7},"minecraft:mined":{"minecraft:diamond_ore":53,"minecraft:redstone_ore":30,"minecraft:iron_ore":4,"minecraft:andesite":58,"minecraft:granite":55,"minecraft:grass":6,"minecraft:coal_ore":42,"minecraft:dirt":4,"minecraft:cobblestone":1,"minecraft:stone":568,"minecraft:diorite":26},"minecraft:crafted":{"minecraft:oak_planks":44,"minecraft:stick":12,"minecraft:iron_pickaxe":3,"minecraft:iron_helmet":1,"minecraft:iron_sword":1,"minecraft:iron_leggings":1},"minecraft:picked_up":{"minecraft:stick":38,"minecraft:iron_chestplate":2,"minecraft:cooked_beef":25,"minecraft:cooked_porkchop":25,"minecraft:andesite":57,"minecraft:golden_boots":2,"minecraft:diorite":26,"minecraft:redstone":137,"minecraft:dirt":3,"minecraft:iron_axe":3,"minecraft:iron_leggings":1,"minecraft:diamond":53,"minecraft:iron_helmet":1,"minecraft:beef":5,"minecraft:iron_ingot":32,"minecraft:granite":55,"minecraft:iron_ore":4,"minecraft:iron_pickaxe":1,"minecraft:oak_sapling":1,"minecraft:mutton":2,"minecraft:iron_sword":1,"minecraft:coal":43,"minecraft:cobblestone":666,"minecraft:iron_boots":4,"minecraft:diamond_pickaxe":2},"minecraft:dropped":{"minecraft:diamond_pickaxe":2,"minecraft:iron_boots":1},"minecraft:used":{"minecraft:diamond_pickaxe":818,"minecraft:iron_axe":6,"minecraft:iron_pickaxe":23,"minecraft:iron_sword":8,"minecraft:diamond_sword":25,"minecraft:cobblestone":11,"minecraft:cooked_porkchop":5},"minecraft:custom":{"minecraft:time_since_rest":628,"minecraft:damage_taken":2677,"minecraft:interact_with_furnace":2,"minecraft:sprint_one_cm":67383,"minecraft:open_enderchest":2,"minecraft:walk_one_cm":77096,"minecraft:mob_kills":1,"minecraft:drop":3,"minecraft:damage_dealt":1169,"minecraft:damage_dealt_absorbed":35,"minecraft:swim_one_cm":37319,"minecraft:interact_with_crafting_table":4,"minecraft:fly_one_cm":68090,"minecraft:player_kills":2,"minecraft:open_chest":43,"minecraft:play_one_minute":27270,"minecraft:crouch_one_cm":9541,"minecraft:deaths":8,"minecraft:sneak_time":2124,"minecraft:walk_under_water_one_cm":1669,"minecraft:jump":512,"minecraft:leave_game":3,"minecraft:time_since_death":581,"minecraft:walk_on_water_one_cm":1281,"minecraft:sleep_in_bed":3,"minecraft:fall_one_cm":10809},"minecraft:killed":{"minecraft:zombie":1}},"DataVersion":2586}