{"stats":{"minecraft:crafted":{"minecraft:stone_sword":1,"minecraft:birch_planks":20,"minecraft:stone_axe":1,"minecraft:crafting_table":1,"minecraft:stick":8,"minecraft:wooden_pickaxe":1,"minecraft:stone_pickaxe":1},"minecraft:killed":{"minecraft:pig":1,"minecraft:cow":1},"minecraft:used":{"minecraft:stone_axe":8,"minecraft:stone_sword":10,"minecraft:dirt":6,"minecraft:crafting_table":1,"minecraft:stone_pickaxe":46,"minecraft:wooden_pickaxe":24,"minecraft:egg":1},"minecraft:mined":{"minecraft:short_grass":1,"minecraft:grass_block":4,"minecraft:dirt":12,"minecraft:iron_ore":15,"minecraft:birch_log":12,"minecraft:stone":40,"minecraft:birch_leaves":6,"minecraft:crafting_table":1},"minecraft:custom":{"minecraft:time_since_rest":13214,"minecraft:play_time":13214,"minecraft:sprint_one_cm":15015,"minecraft:damage_taken":20,"minecraft:walk_one_cm":29502,"minecraft:mob_kills":2,"minecraft:jump":74,"minecraft:damage_dealt":200,"minecraft:leave_game":5,"minecraft:time_since_death":13214,"minecraft:total_world_time":13214,"minecraft:interact_with_crafting_table":2,"minecraft:fly_one_cm":4414,"minecraft:fall_one_cm":1765},"minecraft:picked_up":{"minecraft:birch_log":12,"minecraft:raw_iron":15,"minecraft:crafting_table":1,"minecraft:leather":2,"minecraft:beef":2,"minecraft:porkchop":3,"minecraft:birch_sapling":1,"minecraft:dirt":16,"minecraft:cobblestone":40,"minecraft:egg":1}},"DataVersion":3700}