{"stats":{"minecraft:crafted":{"minecraft:crafting_table":1,"minecraft:stick":8,"minecraft:wooden_pickaxe":1,"minecraft:stone_pickaxe":1,"minecraft:stone_sword":1,"minecraft:birch_planks":20,"minecraft:stone_axe":1},"minecraft:killed":{"minecraft:pig":1,"minecraft:cow":1},"minecraft:used":{"minecraft:stone_sword":10,"minecraft:stone_pickaxe":72,"minecraft:wooden_pickaxe":24,"minecraft:stone_axe":8,"minecraft:dirt":9,"minecraft:crafting_table":1,"minecraft:egg":1},"minecraft:mined":{"minecraft:birch_log":12,"minecraft:iron_ore":17,"minecraft:birch_leaves":6,"minecraft:crafting_table":1,"minecraft:granite":6,"minecraft:short_grass":1,"minecraft:grass_block":4,"minecraft:dirt":12,"minecraft:copper_ore":1,"minecraft:stone":57},"minecraft:custom":{"minecraft:time_since_rest":16924,"minecraft:sprint_one_cm":15115,"minecraft:damage_taken":20,"minecraft:walk_one_cm":33620,"minecraft:mob_kills":2,"minecraft:damage_dealt":200,"minecraft:interact_with_crafting_table":2,"minecraft:fly_one_cm":4761,"minecraft:crouch_one_cm":616,"minecraft:play_time":16924,"minecraft:sneak_time":686,"minecraft:jump":127,"minecraft:leave_game":6,"minecraft:time_since_death":16924,"minecraft:total_world_time":16924,"minecraft:fall_one_cm":1974},"minecraft:picked_up":{"minecraft:birch_log":12,"minecraft:crafting_table":1,"minecraft:raw_iron":17,"minecraft:leather":2,"minecraft:porkchop":3,"minecraft:dirt":16,"minecraft:raw_copper":4,"minecraft:granite":5,"minecraft:beef":2,"minecraft:birch_sapling":1,"minecraft:cobblestone":55,"minecraft:egg":1}},"DataVersion":3700}