{"stats":{"minecraft:killed_by":{"minecraft:creeper":3,"minecraft:player":23,"minecraft:enderman":1,"minecraft:skeleton":1},"minecraft:killed":{"minecraft:spider":5,"minecraft:skeleton":30,"minecraft:bee":1,"minecraft:chicken":1,"minecraft:piglin":1,"minecraft:pig":14,"minecraft:zombie_villager":1,"minecraft:iron_golem":1,"minecraft:creeper":10,"minecraft:sheep":6,"minecraft:zombie":37,"minecraft:cow":14,"minecraft:horse":1,"minecraft:bat":2,"minecraft:villager":1,"minecraft:enderman":151},"minecraft:used":{"minecraft:chest":5,"minecraft:shield":13,"minecraft:stone":285,"minecraft:iron_sword":134,"minecraft:bell":1,"minecraft:rotten_flesh":3,"minecraft:carrot":1,"minecraft:obsidian":15,"minecraft:netherite_shovel":58,"minecraft:quartz_block":10,"minecraft:stone_bricks":1,"minecraft:bow":54,"minecraft:furnace":4,"minecraft:gold_block":2,"minecraft:wither_skeleton_skull":1,"minecraft:chorus_fruit":4,"minecraft:oak_planks":278,"minecraft:ender_pearl":28,"minecraft:diamond_axe":3,"minecraft:golden_apple":8,"minecraft:sand":92,"minecraft:end_stone":12,"minecraft:firework_rocket":5,"minecraft:cyan_bed":2,"minecraft:bread":6,"minecraft:nether_wart_block":4,"minecraft:diamond_sword":43,"minecraft:andesite":17,"minecraft:netherite_sword":701,"minecraft:flint_and_steel":59,"minecraft:netherrack":75,"minecraft:oak_door":5,"minecraft:torch":54,"minecraft:dirt":15,"minecraft:granite":36,"minecraft:iron_axe":375,"minecraft:netherite_pickaxe":142,"minecraft:cooked_beef":8,"minecraft:acacia_planks":67,"minecraft:enchanted_golden_apple":2,"minecraft:cooked_mutton":5,"minecraft:water_bucket":13,"minecraft:birch_planks":170,"minecraft:beacon":1,"minecraft:green_bed":1,"minecraft:cracked_stone_bricks":4,"minecraft:crafting_table":5,"minecraft:white_bed":2,"minecraft:oak_log":1,"minecraft:ender_eye":1,"minecraft:diamond_pickaxe":3323,"minecraft:diamond_shovel":176,"minecraft:chicken":1,"minecraft:iron_pickaxe":1155,"minecraft:netherite_axe":37,"minecraft:cobblestone":257,"minecraft:porkchop":2,"minecraft:cooked_porkchop":44,"minecraft:bucket":14},"minecraft:crafted":{"minecraft:oak_planks":484,"minecraft:leather_horse_armor":1,"minecraft:stone":160,"minecraft:cooked_mutton":2,"minecraft:quartz_block":10,"minecraft:diamond_leggings":1,"minecraft:bow":1,"minecraft:iron_boots":1,"minecraft:netherite_boots":1,"minecraft:chest":4,"minecraft:golden_boots":1,"minecraft:emerald":14,"minecraft:cooked_porkchop":11,"minecraft:diamond_axe":1,"minecraft:crafting_table":4,"minecraft:iron_helmet":1,"minecraft:gold_block":4,"minecraft:birch_planks":172,"minecraft:iron_chestplate":1,"minecraft:diamond_pickaxe":1,"minecraft:shield":1,"minecraft:stick":100,"minecraft:iron_ingot":40,"minecraft:iron_pickaxe":6,"minecraft:gold_ingot":25,"minecraft:netherite_ingot":2,"minecraft:oak_door":3,"minecraft:furnace":4,"minecraft:netherite_leggings":1,"minecraft:iron_axe":2,"minecraft:diamond_boots":1,"minecraft:cooked_beef":1,"minecraft:iron_sword":1,"minecraft:bucket":1,"minecraft:enchanted_book":3,"minecraft:bread":2,"minecraft:iron_leggings":1,"minecraft:acacia_planks":56,"minecraft:torch":212},"minecraft:picked_up":{"minecraft:iron_chestplate":9,"minecraft:wheat":16,"minecraft:diamond_sword":5,"minecraft:enchanted_book":14,"minecraft:string":26,"minecraft:iron_leggings":7,"minecraft:oak_sign":3,"minecraft:diamond_leggings":3,"minecraft:gold_nugget":57,"minecraft:ender_eye":1,"minecraft:iron_pickaxe":11,"minecraft:enchanted_golden_apple":2,"minecraft:iron_boots":6,"minecraft:diamond_ore":1,"minecraft:white_glazed_terracotta":1,"minecraft:stick":79,"minecraft:acacia_fence":1,"minecraft:acacia_log":14,"minecraft:oak_fence":2,"minecraft:torch":298,"minecraft:green_bed":1,"minecraft:porkchop":146,"minecraft:netherite_shovel":13,"minecraft:diorite":245,"minecraft:cactus":6,"minecraft:rotten_flesh":166,"minecraft:bookshelf":1,"minecraft:netherite_chestplate":17,"minecraft:leather_horse_armor":5,"minecraft:obsidian":36,"minecraft:cobblestone":4048,"minecraft:birch_log":61,"minecraft:cooked_beef":54,"minecraft:andesite":83,"minecraft:brown_wool":3,"minecraft:beacon":1,"minecraft:flint":5,"minecraft:wither_skeleton_skull":1,"minecraft:netherite_leggings":13,"minecraft:lapis_lazuli":1922,"minecraft:dirt":107,"minecraft:bone":137,"minecraft:acacia_planks":127,"minecraft:bow":16,"minecraft:wheat_seeds":84,"minecraft:bell":1,"minecraft:netherite_axe":13,"minecraft:glowstone_dust":264,"minecraft:mossy_stone_bricks":3,"minecraft:diamond_helmet":2,"minecraft:oak_planks":329,"minecraft:cooked_porkchop":623,"minecraft:sand":390,"minecraft:cyan_bed":2,"minecraft:shulker_box":1,"minecraft:diamond":504,"minecraft:netherite_helmet":16,"minecraft:granite":290,"minecraft:golden_apple":63,"minecraft:emerald":97,"minecraft:bread":135,"minecraft:oak_sapling":11,"minecraft:chorus_fruit":68,"minecraft:netherrack":637,"minecraft:crimson_roots":3,"minecraft:nether_star":1,"minecraft:diamond_pickaxe":9,"minecraft:crafting_table":2,"minecraft:chicken":6,"minecraft:gold_block":22,"minecraft:diamond_horse_armor":1,"minecraft:shield":11,"minecraft:cornflower":2,"minecraft:elytra":13,"minecraft:flint_and_steel":13,"minecraft:iron_axe":6,"minecraft:netherite_scrap":24,"minecraft:cracked_stone_bricks":9,"minecraft:netherite_sword":20,"minecraft:beef":103,"minecraft:iron_nugget":15,"minecraft:poppy":1,"minecraft:light_gray_wool":2,"minecraft:chest":4,"minecraft:birch_sapling":2,"minecraft:sandstone":9,"minecraft:end_stone":12,"minecraft:stone":675,"minecraft:oak_door":11,"minecraft:stone_button":1,"minecraft:carrot":2,"minecraft:redstone":217,"minecraft:netherite_pickaxe":15,"minecraft:arrow":155,"minecraft:diamond_chestplate":3,"minecraft:diamond_boots":3,"minecraft:saddle":1,"minecraft:gold_ingot":71,"minecraft:mutton":30,"minecraft:white_wool":2,"minecraft:stripped_oak_log":4,"minecraft:netherite_boots":12,"minecraft:crimson_stem":3,"minecraft:salmon":64,"minecraft:leather":57,"minecraft:birch_planks":83,"minecraft:crimson_fungus":3,"minecraft:oak_log":170,"minecraft:golden_boots":2,"minecraft:nether_wart_block":6,"minecraft:gunpowder":27,"minecraft:cooked_mutton":20,"minecraft:stone_bricks":184,"minecraft:iron_ingot":652,"minecraft:iron_ore":437,"minecraft:iron_sword":5,"minecraft:acacia_sapling":1,"minecraft:book":154,"minecraft:pumpkin":2,"minecraft:quartz":50,"minecraft:gravel":6,"minecraft:white_bed":4,"minecraft:gold_ore":63,"minecraft:spider_eye":9,"minecraft:firework_rocket":1937,"minecraft:diamond_shovel":1,"minecraft:iron_helmet":6,"minecraft:diamond_axe":3,"minecraft:gray_wool":2,"minecraft:coal":688,"minecraft:ender_pearl":941},"minecraft:custom":{"minecraft:interact_with_crafting_table":67,"minecraft:open_shulker_box":57,"minecraft:bell_ring":9,"minecraft:leave_game":10,"minecraft:time_since_death":35147,"minecraft:damage_resisted":130,"minecraft:sprint_one_cm":690075,"minecraft:damage_blocked_by_shield":850,"minecraft:drop":230,"minecraft:talked_to_villager":26,"minecraft:deaths":34,"minecraft:jump":6772,"minecraft:walk_on_water_one_cm":31159,"minecraft:enchant_item":1,"minecraft:interact_with_furnace":92,"minecraft:traded_with_villager":17,"minecraft:play_one_minute":459264,"minecraft:sleep_in_bed":13,"minecraft:open_enderchest":5,"minecraft:damage_dealt":48025,"minecraft:interact_with_beacon":2,"minecraft:player_kills":5,"minecraft:crouch_one_cm":59091,"minecraft:interact_with_smoker":1,"minecraft:horse_one_cm":1445373,"minecraft:interact_with_smithing_table":8,"minecraft:mob_kills":357,"minecraft:interact_with_anvil":20,"minecraft:inspect_hopper":2,"minecraft:walk_one_cm":1293819,"minecraft:damage_dealt_absorbed":3,"minecraft:sneak_time":23086,"minecraft:walk_under_water_one_cm":250600,"minecraft:interact_with_grindstone":1,"minecraft:time_since_rest":35179,"minecraft:damage_absorbed":362,"minecraft:damage_taken":15115,"minecraft:trigger_trapped_chest":8,"minecraft:swim_one_cm":11325,"minecraft:fly_one_cm":2352755,"minecraft:open_chest":211,"minecraft:aviate_one_cm":655913,"minecraft:fall_one_cm":153153},"minecraft:broken":{"minecraft:iron_pickaxe":3},"minecraft:mined":{"minecraft:white_bed":4,"minecraft:obsidian":35,"minecraft:granite":202,"minecraft:acacia_log":19,"minecraft:grass_block":48,"minecraft:glowstone":13,"minecraft:iron_ore":123,"minecraft:pumpkin":1,"minecraft:iron_bars":1,"minecraft:green_bed":1,"minecraft:crimson_nylium":4,"minecraft:torch":20,"minecraft:chest":3,"minecraft:nether_quartz_ore":29,"minecraft:cobblestone":43,"minecraft:oak_planks":89,"minecraft:wall_torch":22,"minecraft:nether_wart_block":5,"minecraft:birch_log":45,"minecraft:wheat":5,"minecraft:grass":37,"minecraft:oak_log":148,"minecraft:sand":11,"minecraft:dirt":108,"minecraft:netherrack":268,"minecraft:oak_leaves":15,"minecraft:nether_gold_ore":7,"minecraft:diamond_ore":39,"minecraft:oak_door":3,"minecraft:shulker_box":1,"minecraft:end_stone":12,"minecraft:crimson_roots":2,"minecraft:weeping_vines":1,"minecraft:sandstone":3,"minecraft:crimson_stem":1,"minecraft:redstone_ore":74,"minecraft:andesite":120,"minecraft:white_glazed_terracotta":1,"minecraft:bookshelf":2,"minecraft:stripped_oak_log":1,"minecraft:chorus_plant":12,"minecraft:stone":3087,"minecraft:acacia_leaves":1,"minecraft:infested_stone_bricks":3,"minecraft:crafting_table":2,"minecraft:cornflower":1,"minecraft:tall_grass":16,"minecraft:lapis_ore":37,"minecraft:diorite":226,"minecraft:birch_planks":52,"minecraft:cactus":1,"minecraft:birch_leaves":14,"minecraft:coal_ore":155,"minecraft:gravel":125,"minecraft:cobweb":4,"minecraft:acacia_planks":25,"minecraft:stone_bricks":2,"minecraft:mossy_stone_bricks":1,"minecraft:gold_ore":73},"minecraft:dropped":{"minecraft:gold_ore":6,"minecraft:crimson_stem":3,"minecraft:birch_planks":3,"minecraft:porkchop":3,"minecraft:diamond_axe":3,"minecraft:lapis_lazuli":64,"minecraft:oak_log":24,"minecraft:ender_pearl":11,"minecraft:diamond":31,"minecraft:nether_star":1,"minecraft:leather":2,"minecraft:elytra":1,"minecraft:flint":5,"minecraft:emerald":228,"minecraft:dirt":88,"minecraft:netherite_scrap":4,"minecraft:stone_button":1,"minecraft:cornflower":1,"minecraft:crimson_roots":3,"minecraft:gold_nugget":3,"minecraft:sand":231,"minecraft:iron_pickaxe":2,"minecraft:white_wool":2,"minecraft:gold_ingot":10,"minecraft:bone":80,"minecraft:gravel":6,"minecraft:crimson_fungus":2,"minecraft:iron_nugget":15,"minecraft:netherite_sword":6,"minecraft:birch_sapling":1,"minecraft:rotten_flesh":80,"minecraft:oak_planks":141,"minecraft:diamond_shovel":1,"minecraft:glowstone_dust":44,"minecraft:white_bed":2,"minecraft:carrot":1,"minecraft:gunpowder":5,"minecraft:acacia_sapling":1,"minecraft:iron_ore":19,"minecraft:arrow":125,"minecraft:acacia_fence":1,"minecraft:netherrack":562,"minecraft:enchanted_book":6,"minecraft:iron_ingot":8,"minecraft:netherite_pickaxe":2,"minecraft:wheat_seeds":41,"minecraft:diamond_leggings":1,"minecraft:netherite_chestplate":2,"minecraft:netherite_axe":1,"minecraft:netherite_helmet":2,"minecraft:oak_fence":2,"minecraft:cobblestone":726,"minecraft:book":27,"minecraft:granite":201,"minecraft:stick":25,"minecraft:gray_wool":1,"minecraft:diorite":102,"minecraft:torch":126,"minecraft:nether_wart_block":1,"minecraft:brown_wool":3,"minecraft:pumpkin":1,"minecraft:cactus":6,"minecraft:string":8,"minecraft:redstone":122,"minecraft:light_gray_wool":1,"minecraft:oak_sign":2,"minecraft:shulker_box":1,"minecraft:netherite_leggings":1,"minecraft:flint_and_steel":2,"minecraft:diamond_sword":1,"minecraft:stone":524,"minecraft:diamond_pickaxe":3,"minecraft:andesite":49,"minecraft:oak_sapling":1,"minecraft:spider_eye":2,"minecraft:stone_bricks":168,"minecraft:diamond_boots":1,"minecraft:sandstone":9,"minecraft:bow":5}},"DataVersion":2586}